Wilayah,IPM,Kemiskinan,Pengangguran,PDRB,Kepadatan,RLS,AHH
Simeulue,0.6234038498189444,0.39448838989538143,0.48820326678765874,0.03105164965630082,0.0023750740217737894,0.7128801431127013,0.40292275574112735
Aceh Singkil,0.6565656565656567,0.42944628731819334,0.573502722323049,0.024483952390929136,0.0032446590443219606,0.6082289803220037,0.42171189979123147
Aceh Selatan,0.6251191156851533,0.24980862464914513,0.4029038112522685,0.029963185777139266,0.002549082130005011,0.6261180679785331,0.4585942936673624
Aceh Tenggara,0.6746712407089767,0.24904312324572592,0.4237749546279491,0.027857092973372043,0.002464355668929076,0.7316636851520573,0.6158663883089772
Aceh Timur,0.639794168096055,0.28144934932380705,0.6923774954627948,0.03276964672313509,0.0036286612308112785,0.5867620751341682,0.5803757828810019
Aceh Tengah,0.7453783114160473,0.3072212299055881,0.3711433756805807,0.046355990542037054,0.002193322097207671,0.7254025044722718,0.6360473208072379
Aceh Barat,0.7125976748618258,0.39219188568512375,0.49546279491833023,0.06696197858988556,0.003251947342048923,0.721824686940966,0.5657620041753656
Aceh Besar,0.740041928721174,0.28017351365144166,0.7087114337568057,0.042074965330779285,0.0066756251992893915,0.7558139534883721,0.649965205288796
Pidie,0.6862969315799505,0.4174534319979586,0.5099818511796733,0.03125717079205451,0.00648658497699631,0.6368515205724508,0.4237995824634654
Bireuen,0.7270821421764819,0.2518499617249298,0.34573502722323046,0.03912783215108796,0.011570172641552407,0.686046511627907,0.6903270702853164
Aceh Utara,0.6746712407089767,0.3541719826486348,0.6134301270417422,0.0466991908852374,0.010527490547988886,0.6431127012522361,0.6158663883089772
Aceh Barat Daya,0.618448637316562,0.3340137790252615,0.3366606170598911,0.0328245188710305,0.003761217145720402,0.6135957066189623,0.4683368128044536
Gayo Lues,0.639031827711073,0.4100535850982393,0.2068965517241379,0.032655911725679165,7.866806359039766e-4,0.5831842576028622,0.41892832289492027
Aceh Tamiang,0.6864875166761959,0.2536361316662413,0.6197822141560798,0.03650693883252023,0.006353573543479251,0.6601073345259393,0.6882393876130835
Nagan Raya,0.6750524109014675,0.37535085480990044,0.46279491833030845,0.06948110901599273,0.002261194369790006,0.6556350626118068,0.6102992345163538
Aceh Jaya,0.6771488469601677,0.25567746874202596,0.23865698729582574,0.03545439126834476,0.001069557691431695,0.6350626118067978,0.4864300626304804
Bener Meriah,0.7377549075662285,0.4069915794845623,0.18874773139745915,0.03699679746191374,0.003967567075115018,0.7343470483005368,0.6332637439109258
Pidie Jaya,0.7406136840099105,0.40954325082929316,0.3357531760435571,0.0274989274989275,0.00786452876600009,0.686046511627907,0.654836464857342
Kota Banda Aceh,0.9695063846007244,0.12043888747129369,0.6742286751361161,0.09715462971276925,0.21606113059718488,1,0.7898399443284623
Kota Sabang,0.80083857442348,0.3151314110742536,0.2568058076225045,0.04189538375584887,0.016134013574454518,0.8318425760286227,0.6694502435629783
Kota Langsa,0.8101772441395084,0.20668537892319466,0.6551724137931033,0.03610188261351052,0.041420762538149684,0.8372093023255813,0.7105080027835771
Kota Lhokseumawe,0.8242805412616734,0.2094922174023985,0.7577132486388385,0.05816647211996049,0.06679087140709698,0.8398926654740609,0.7675713291579687
Kota Subulussalam,0.6049170954831334,0.36106149527940795,0.45372050816696907,0.026997096764538625,0.003721587026830046,0.5822898032200358,0.41057759220598466
Nias,0.5574614065180103,0.32304159224291906,0.1778584392014519,0.03318767272255645,0.007743816334897281,0.40071556350626125,0.5560194850382745
Mandailing Natal,0.6295025728987993,0.16483796886960955,0.6406533575317603,0.03921762293855317,0.003416389559513506,0.6431127012522361,0.5553235908141961
Tapanuli Selatan,0.6830569849437774,0.11967338606787443,0.29310344827586204,0.06625263136891044,0.0033252858379264794,0.6833631484794276,0.5476687543493388
Tapanuli Tengah,0.6712407089765581,0.2441949476907374,0.6433756805807621,0.03372043139485,0.007698264474103767,0.6261180679785331,0.5608907446068195
Toba Samosir / Toba,0.7739660758528684,0.1490176065322786,0.07985480943738656,0.046526593038220945,0.004236323053796748,0.7915921288014311,0.740431454418929
Labuhan Batu,0.7219363445778542,0.14314876243939778,0.49092558983666057,0.09654804305967096,0.008472646107593495,0.6779964221824687,0.6423103688239387
Asahan,0.6821040594625501,0.150293442204644,0.48457350272232297,0.06962876497760219,0.009839201931398898,0.6198568872987478,0.6784968684759922
Simalungun,0.7369925671812465,0.14008675682572083,0.39564428312159705,0.05505472249658296,0.010340272400127545,0.6985688729874777,0.7237299930410578
Dairi,0.7169811320754718,0.12426639448838986,0.09891107078039925,0.03749064679297238,0.007151642144581606,0.7128801431127013,0.7292971468336812
Karo,0.7671050123880313,0.13115590711916306,0.16424682395644283,0.06671455508664811,0.008700405411561063,0.7334525939177101,0.7299930410577595
Deli Serdang,0.7741566609491138,0.03087522327124266,0.6869328493647913,0.07294404038590085,0.036077073748462626,0.7486583184257602,0.689631176061239
Langkat,0.6943015056222605,0.17376881857616733,0.5199637023593465,0.05690640806919877,0.007926023778071334,0.6100178890876565,0.7299930410577595
Nias Selatan,0.5473603964170002,0.35953049247256946,0.2595281306715063,0.022536489978350442,0.0069238828406140394,0.41144901610017887,0.5476687543493388
Pakpak Bharat,0.6491328378120832,0.11839755039550906,0.07168784029038112,0.029686829686829688,0.0017765225709470232,0.6985688729874777,0.6297842727905363
Samosir,0.6971602820659424,0.23985710640469504,0.06805807622504537,0.04172178823341614,0.003416389559513506,0.6878354203935599,0.7272094641614473
Serdang Bedagai,0.689346293119878,0.12094922174023985,0.3802177858439201,0.05978370396975048,0.016079806860110235,0.6440071556350626,0.6604036186499654
Batu Bara,0.6580903373356204,0.2222505741260525,0.48275862068965514,0.10711941177057456,0.022320411788821572,0.5894454382826476,0.6311760612386919
Padang Lawas Utara,0.6864875166761959,0.17198264863485582,0.32758620689655166,0.06258218351241607,0.0031430783947524257,0.706618962432916,0.5455810716771049
Padang Lawas,0.6664760815704212,0.14391426384281705,0.44555353901996364,0.06431813873674339,0.003188630255545939,0.689624329159213,0.5407098121085598
Labuhan Batu Selatan,0.712216504669335,0.1403419239601939,0.278584392014519,0.1234094559675955,0.004874049104905936,0.6502683363148479,0.6130828114126651
Labuhan Batu Utara,0.7261292166952547,0.1722378157693289,0.3711433756805807,0.08847086288946754,0.004965152826492962,0.6457960644007157,0.7188587334725127
Nias Utara,0.5587955021917288,0.49170706812962484,0.2068965517241379,0.02930172697614558,0.00573953445998269,0.4588550983899821,0.5845511482254697
Nias Barat,0.5406899180484087,0.5218167899974483,0.07713248638838474,0.02515239491983678,0.009429235184257277,0.4776386404293381,0.6019485038274183
Kota Sibolga,0.7501429388221841,0.23373309517734114,0.573502722323049,0.07749344028413796,0.36423267890493327,0.7629695885509838,0.7160751565762005
Kota Tanjung Balai,0.6632361349342482,0.24853278897677977,0.3348457350272232,0.06478704618239502,0.14066414613036943,0.6949910554561717,0.7153792623521231
Kota Pematang Siantar,0.8551553268534402,0.1268180658331207,0.6914700544464609,0.061665319804854686,0.16612763631394342,0.8855098389982111,0.7745302713987477
Kota Tebing Tinggi,0.784257671050124,0.16738964021434033,0.5326678765880217,0.0425947542226612,0.21035849314444496,0.8005366726296959,0.7230340988169804
Kota Medan,0.8854583571564706,0.1457004337841286,0.7141560798548093,0.13144473377031515,0.4054115610622694,0.8828264758497316,0.7787056367432155
Kota Binjai,0.7966457023060797,0.06430211788721613,0.47640653357531754,0.04981393353486377,0.14913679223796292,0.8300536672629696,0.7341684064022272
Kota Padangsidimpuan,0.7749190013340956,0.10206685378923193,0.6243194192377495,0.03482585575608831,0.06855555049423769,0.8237924865831844,0.6840640222686156
Kota Gunungsitoli,0.6691442729178578,0.3187037509568767,0.2876588021778584,0.049479712270409947,0.03161299139069831,0.6118067978533095,0.7188587334725127
Kepulauan Mentawai,0.5277301315037165,0.29752487879561107,0.11978221415607983,0.06659882473835962,5.921741903156744e-4,0.5465116279069767,0.508698677800974
Pesisir Selatan,0.6807699637888317,0.13421791273283998,0.4482758620689654,0.034963534963534965,0.004145219332209721,0.616279069767442,0.6638830897703549
Solok,0.6617114541642843,0.12962490431232457,0.4346642468239564,0.043804934502608923,0.004919600965699449,0.535778175313059,0.5998608211551844
Sijunjung,0.6466552315608921,0.09058433273794335,0.4183303085299455,0.050056368661019826,0.003507493281100533,0.5992844364937387,0.6256089074460685
Tanah Datar,0.7356584715075283,0.052309262566981374,0.47005444646097994,0.04434467690281644,0.013164487769325377,0.6592128801431126,0.7209464161447465
Padang Pariaman,0.7013531541833429,0.10308752232712423,0.587114337568058,0.05773248331387866,0.015624288252175102,0.5813953488372093,0.6945024356297842
Agam,0.7310844291976367,0.11737688185761672,0.4183303085299455,0.04905969092015604,0.014029973124402132,0.6538461538461539,0.7299930410577595
Lima Puluh Kota,0.6639984753192301,0.11967338606787443,0.323049001814882,0.051167779074755816,0.0050107046872864755,0.5554561717352416,0.6624913013221994
Pasaman,0.6211168286639985,0.115080377647359,0.4655172413793103,0.037229255833906995,0.0035985970026875596,0.5563506261180681,0.5887265135699375
Solok Selatan,0.6708595387840671,0.11048736922684357,0.1978221415607985,0.038220945197689385,0.002550904204436751,0.6198568872987478,0.5984690327070288
Dharmasraya,0.7196493234229084,0.07884664455218168,0.5353901996370235,0.057952969580876555,0.0036441488634810734,0.631484794275492,0.7202505219206683
Pasaman Barat,0.6599961882980753,0.12171472314365907,0.5644283121597096,0.045188710304989374,0.005238463991254043,0.6323792486583185,0.6158663883089772
Kota Padang,0.9089003239946636,0.0466955856085736,0.8856624319419238,0.08700727305378468,0.06258825673028744,0.8685152057245081,0.7863604732080728
Kota Solok,0.8328568705927197,0.021434039295738703,0.4346642468239564,0.06938333682519729,0.05069922106318043,0.8452593917710196,0.7620041753653443
Kota Sawah Lunto,0.740041928721174,0.0025516713447308005,0.4927404718693284,0.07377610168307842,0.013392247073292944,0.7701252236135957,0.7112038970076554
Kota Padang Panjang,0.8360968172288928,0.07859147741770858,0.4373865698729582,0.08012231500603594,0.11766045642964515,0.9016100178890877,0.7362560890744612
Kota Bukittinggi,0.8806937297503337,0.04720591987751977,0.4174228675136115,0.09350014466293537,0.22552726278868493,0.8703041144901611,0.8155880306193464
Kota Payakumbuh,0.8444825614636936,0.07552947180403165,0.43103448275862066,0.06285355122564425,0.07834920056484307,0.8023255813953489,0.7780097425191372
Kota Pariaman,0.8115113398132265,0.0517989282980352,0.4718693284936479,0.06832879391018926,0.06764451327836742,0.817531305903399,0.7286012526096038
Kuantan Singingi,0.6866781017724415,0.1444245981117632,0.24682395644283117,0.14771382678359424,0.0028242153691978317,0.6457960644007157,0.6304801670146135
Indragiri Hulu,0.6704783685915763,0.09670834396529725,0.2241379310344827,0.12800674428581404,0.002642007926023778,0.5822898032200358,0.6771050800278356
Indragiri Hilir,0.6113969887554793,0.08752232712426639,0.2613430127041742,0.13755250266878175,0.0022320411788821575,0.483005366726297,0.5908141962421715
Pelalawan,0.7200304936153993,0.15973462618014797,0.20871143375680576,0.18596769527002086,0.001321003963011889,0.6296958855098391,0.7466945024356297
Siak,0.7461406518010293,0.07272263332482776,0.47005444646097994,0.24898087456226992,0.0027331116476108047,0.7155635062611807,0.7014613778705642
Kampar,0.7347055460263007,0.11967338606787443,0.4038112522686025,0.12898446619376852,0.003826356306655127,0.6851520572450805,0.745302713987474
Rokan Hulu,0.6769582618639222,0.18856851237560596,0.2767695099818511,0.09440703161633394,0.0034619414203070197,0.627906976744186,0.6798886569241479
Bengkalis,0.7429007051648562,0.10538402653738199,0.4718693284936479,0.2954057047080303,0.0030519746731653987,0.6994633273703041,0.717466945024356
Rokan Hilir,0.665141985896703,0.12196989027813214,0.3892921960072595,0.15104905570021848,0.003279733977132966,0.5912343470483005,0.6938065414057069
Kepulauan Meranti,0.6026300743281876,0.5338096453176829,0.48185117967332114,0.12741013438687857,0.002596456065230265,0.554561717352415,0.5810716771050802
Kota Pekanbaru,0.8879359634076616,0.023475376371523343,0.46460980036297633,0.16565003541747728,0.07315628843438254,0.8980322003577819,0.8343771746694505
Kota Dumai,0.7602439489231942,0.02322020923705027,0.3983666061705988,0.15696227789251044,0.007288297726962147,0.7486583184257602,0.6680584551148228
Kerinci,0.7015437392795884,0.11992855320234751,0.2168784029038112,0.05635170053774705,0.0033252858379264794,0.5974955277280859,0.6604036186499654
Merangin,0.6739089003239946,0.15743812196989027,0.36842105263157887,0.0674358744126186,0.0021864893180886438,0.5796064400715564,0.7118997912317326
Sarolangun,0.6805793786925864,0.15641745343199792,0.44555353901996364,0.07369429229894346,0.002277593039675671,0.5751341681574239,0.6784968684759922
Batang Hari,0.6740994854202402,0.1633069660627711,0.396551724137931,0.08202687737571458,0.002596456065230265,0.5751341681574239,0.754349338900487
Muaro Jambi,0.6786735277301315,0.036233733095177335,0.4673321234119781,0.09419652210349885,0.0035985970026875596,0.6064400715563506,0.7550452331245653
Tanjung Jabung Timur,0.5953878406708597,0.20183720336820615,0.176043557168784,0.11649955603443976,0.002323144900469184,0.5169946332737031,0.7286012526096038
Tanjung Jabung Barat,0.6409376786735279,0.18652717529982132,0.27949183303085295,0.1663104965430547,0.002642007926023778,0.5724508050089446,0.661795407098121
Tebo,0.6674290070516485,0.09926001531002807,0.21597096188747728,0.06319475621801203,0.002550904204436751,0.5474060822898031,0.6764091858037584
Bungo,0.678864112826377,0.07221229905588158,0.41288566243194186,0.0706394101742939,0.0035530451418940463,0.5974955277280859,0.7042449547668754
Kota Jambi,0.8526777206022491,0.1403419239601939,0.6588021778584391,0.06805443317071225,0.1701817519245661,0.8577817531305904,0.7807933194154494
Kota Sungai Penuh,0.7833047455688967,0.017606532278642506,0.37931034482758613,0.10100465914419403,0.012481209857422676,0.7656529516994633,0.7230340988169804
Ogan Komering Ulu,0.6718124642652945,0.21561622862975244,0.3384754990925589,0.05248570829966179,0.004509634218557828,0.6207513416815742,0.6743215031315245
Ogan Komering Ilir,0.6295025728987993,0.25133962745598365,0.27223230490018147,0.05684654754422196,0.002049833735708104,0.4713774597495528,0.7188587334725127
Muara Enim,0.6613302839717935,0.19290635366164832,0.3638838475499092,0.18086658086658086,0.004236323053796748,0.5679785330948122,0.7369519832985385
Lahat,0.6378883171336002,0.30390405715743807,0.24682395644283117,0.06560913072540979,0.004646289800938368,0.6055456171735242,0.6736256089074462
Musi Rawas,0.6222603392414714,0.28604235774432246,0.147005444646098,0.06089511438348648,0.002960870951578372,0.5053667262969589,0.7139874739039666
Musi Banyuasin,0.6445587955021919,0.27175299821383003,0.17422867513611612,0.14098949447786657,0.001958730014121077,0.539355992844365,0.7320807237299934
Banyu Asin,0.632933104631218,0.18065833120694053,0.23230490018148817,0.043811918230522884,0.003188630255545939,0.4973166368515206,0.7355601948503829
Ogan Komering Ulu Selatan,0.59748427672956,0.19469252360295988,0.16333938294010886,0.026841459399598935,0.0056484307383956635,0.5661896243291592,0.6638830897703549
Ogan Komering Ulu Timur,0.6718124642652945,0.19188568512375603,0.2704174228675136,0.03061267247313759,0.0069238828406140394,0.5509838998211092,0.7383437717466951
Ogan Ilir,0.6308366685725179,0.2569533044143914,0.25499092558983666,0.03412349226302715,0.00851819796838701,0.5518783542039356,0.6631871955462777
Empat Lawang,0.5898608728797409,0.21816789997448324,0.23230490018148817,0.018584697654465097,0.006969434701407553,0.5152057245080501,0.4892136395267926
Penukal Abab Lematang Ilir,0.5942443300933868,0.1936718550650676,0.32395644283121594,0.04477667035806571,0.004965152826492962,0.47853309481216455,0.7042449547668754
Musi Rawas Utara,0.5927196493234231,0.3865782087267159,0.42286751361161523,0.04793730607684096,0.0014121076845989159,0.5,0.6450939457202508
Kota Palembang,0.8437202210787116,0.19239601939270218,0.6070780399274046,0.12005427354264564,0.22197421764679087,0.8059033989266547,0.826026443980515
Kota Prabumulih,0.7772060224890414,0.20158203623373308,0.4174228675136115,0.050869474125288076,0.020634992939461576,0.7549194991055456,0.7633959638135009
Kota Pagar Alam,0.6649514008004574,0.15182444501148248,0.18784029038112518,0.02466552931669211,0.010750239147269166,0.6726296958855098,0.6945024356297842
Kota Lubuklinggau,0.772250809986659,0.22735391681551415,0.44373865698729575,0.0345315415082857,0.03038309114927345,0.7173524150268336,0.7703549060542799
Bengkulu Selatan,0.6870592719649323,0.37943352896146976,0.24863883847549903,0.044451428172358406,0.006377260511091878,0.670840787119857,0.6367432150313153
Rejang Lebong,0.6979226224509244,0.31691758101556516,0.2531760435571688,0.044314746640328036,0.008381542386006469,0.616279069767442,0.6938065414057069
Bengkulu Utara,0.6634267200304936,0.2227609083949987,0.32940108892921954,0.04030010076521704,0.0030519746731653987,0.5724508050089446,0.6492693110647186
Kaur,0.6228320945302079,0.3799438632304159,0.34119782214156075,0.036510929534185346,0.0022320411788821575,0.5858676207513418,0.6311760612386919
Seluma,0.6226415094339623,0.3827507017096198,0.17695099818511792,0.028285095726956193,0.003963011889035667,0.5563506261180681,0.6263048016701468
Mukomuko,0.6542786354107109,0.21765756570553707,0.29128856624319416,0.03660770404956452,0.0021409374572951305,0.5948121645796065,0.6993736951983303
Lebong,0.6283590623213264,0.20974738453687158,0.18511796733212338,0.04007761914738659,0.002960870951578372,0.5805008944543829,0.620041753653445
Kepahiang,0.6474175719458738,0.2722633324827762,0.21506352087114336,0.03916075543982521,0.009429235184257277,0.5769230769230769,0.592205984690327
Bengkulu Tengah,0.6392224128073186,0.20183720336820615,0.2976406533575317,0.054337393872277595,0.004828497244112422,0.5178890876565295,0.6026443980514965
Kota Bengkulu,0.8717362302267965,0.29420770604746105,0.29854809437386565,0.08241796613889638,0.12030246435566892,0.8872987477638641,0.7508698677800975
Lampung Barat,0.6392224128073186,0.21561622862975244,0.18058076225045366,0.030456037432781618,0.006741675397439985,0.5939177101967801,0.7000695894224076
Tanggamus,0.614065180102916,0.20540954325082925,0.3012704174228675,0.030729400496842356,0.010249168678540518,0.48837209302325585,0.7084203201113431
Lampung Selatan,0.6476081570421194,0.26384281704516455,0.41288566243194186,0.05294763201739946,0.02282148225755022,0.5241502683363148,0.7348643006263046
Lampung Timur,0.6773394320564133,0.27966317938249546,0.27767695099818507,0.04834236229585067,0.013528902655673485,0.5617173524150267,0.7160751565762005
Lampung Tengah,0.6874404421574234,0.20770604746108695,0.2858439201451905,0.06269691618528828,0.015123217783446453,0.5411449016100179,0.7292971468336812
Lampung Utara,0.6350295406899182,0.3748405205409543,0.513611615245009,0.04728183332834496,0.011160205894410786,0.5778175313059035,0.7112038970076554
Way Kanan,0.6291214027063085,0.20923705026792544,0.307622504537205,0.03774704937495635,0.006331708650298365,0.52146690518783545,0.7244258872651361
Tulangbawang,0.6548503906994473,0.14416943097729013,0.278584392014519,0.06675047140163419,0.006513916093472418,0.5125223613595707,0.7042449547668754
Pesawaran,0.614065180102916,0.24572595049757587,0.36751361161524493,0.04238923308690751,0.01758301826629618,0.5438282647584973,0.7028531663187197
Pringsewu,0.6859157613874597,0.1553967848941056,0.411070780399274,0.034651262558239304,0.031248576504350204,0.5912343470483005,0.7418232428670846
Mesuji,0.5748046502763483,0.10410819086501658,0.23230490018148817,0.057627727395169255,0.004919600965699449,0.4731663685152057,0.6958942240779408
Tulang Bawang Barat,0.612921669525443,0.12732840010206684,0.32577132486388377,0.051269541967216385,0.010750239147269166,0.5259391771019678,0.7188587334725127
Pesisir Barat,0.5799504478749763,0.26562898698647613,0.2858439201451905,0.03473606496862311,0.002596456065230265,0.6091234347048301,0.6979819067501747
Kota Bandar Lampung,0.8174194777968363,0.13115590711916306,0.6724137931034482,0.0647730787265671,0.3009611442627431,0.8112701252236136,0.7578288100208775
Kota Metro,0.8124642652944541,0.11610104618525134,0.31034482758620685,0.04733371244999152,0.10923336218284517,0.8130590339892666,0.8023660403618658
Bangka,0.7181246426529447,0.05128859402908905,0.4346642468239564,0.05761775064100645,0.005056256548079989,0.5840787119856887,0.649965205288796
Belitung,0.7274633123689728,0.09900484817555498,0.34119782214156075,0.07280536350303791,0.0037352525850681,0.6377459749552774,0.6165622825330556
Bangka Barat,0.6550409757956929,0.009186016841030872,0.43194192377495455,0.09018387157922042,0.002642007926023778,0.4973166368515206,0.5692414752957551
Bangka Tengah,0.6784829426338862,0.09466700688951263,0.37295825771324864,0.05513453652988537,0.004145219332209721,0.4758497316636852,0.6868475991649269
Bangka Selatan,0.6205450733752621,0.03853023730543506,0.4373865698729582,0.05674079395009628,0.0032341821163394523,0.4481216457960644,0.5455810716771049
Belitung Timur,0.7030684200495522,0.10538402653738199,0.22776769509981845,0.08158790019255135,0.0022320411788821575,0.6323792486583185,0.6882393876130835
Kota Pangkal Pinang,0.8404802744425388,0.046185251339627455,0.5317604355716878,0.08118883002603933,0.10030519746731655,0.7826475849731664,0.7905358385525406
Karimun,0.7238421955403088,0.09058433273794335,0.49001814882032657,0.06862809653507328,0.01280007288297727,0.6252236135957067,0.7578288100208775
Bintan,0.7600533638269489,0.08190865016585863,0.40018148820326677,0.17930621651551884,0.00573953445998269,0.6466905187835421,0.7647877522616565
Natuna,0.7291785782351822,0.07170196478693544,0.3421052631578947,0.26346911695748904,0.00186762629253405,0.6511627906976744,0.7292971468336812
Lingga,0.6077758719268154,0.19800969635110996,0.2958257713248638,0.05399020282741213,0.00200428187491459,0.5080500894454383,0.6861517049408495
Kepulauan Anambas,0.6599961882980753,0.11329420770604744,0.20508166969147001,0.3604122394820069,0.003507493281100533,0.501788908765653,0.6868475991649269
Kota Batam,0.8873642081189251,0.0668537892319469,0.6860254083484573,0.1812646533576766,0.05611989249760853,0.8309481216457961,0.7856645789839946
Kota Tanjung Pinang,0.8448637316561844,0.11814238326103599,0.4147005444646098,0.10432093222790897,0.07183528447137065,0.7826475849731664,0.7661795407098121
Kepulauan Seribu,0.7217457594816087,0.2755805052309262,0.7087114337568057,0.27977113325950537,0.12226119436979001,0.6574239713774598,0.7745302713987477
Kota Jakarta Selatan,0.9651229273870784,0.020413370757846383,0.46279491833030845,0.37941396546047707,0.7009520338905845,0.8971377459749552,0.8580375782881008
Kota Jakarta Timur,0.9214789403468651,0.04746108701199284,0.6197822141560798,0.20320952181417298,0.7575729968569216,0.9007155635062613,0.8135003479471126
Kota Jakarta Pusat,0.8902229845626074,0.061240112273539156,0.5553539019963701,0.8800245428152405,1,0.8667262969588551,0.88169798190675
Kota Jakarta Barat,0.9022298456260721,0.04363357999489665,0.5499092558983665,0.25168657029122143,0.9035211588393386,0.8336314847942755,0.8406402226861522
Kota Jakarta Utara,0.8593481989708406,0.10742536361316664,0.5499092558983665,0.3672772440214301,0.561699995444814,0.7987477638640429,0.7842727905358389
Bogor,0.6878216123499143,0.12299055881602448,0.6551724137931033,0.05391338182035856,0.08641187992529495,0.57871198568873,0.7654836464857347
Sukabumi,0.6226415094339623,0.11839755039550906,0.6343012704174228,0.030276455857851207,0.030838609757208583,0.4847942754919499,0.7620041753653443
Cianjur,0.5896702877834953,0.20183720336820615,0.5326678765880217,0.024037991479851945,0.03234182116339453,0.48389982110912344,0.7585247042449548
Bandung,0.7236516104440632,0.10104618525133963,0.5662431941923775,0.0432053315774246,0.09811870814922789,0.6466905187835421,0.7884481558803067
Garut,0.6192109777015439,0.19009951518244447,0.6206896551724137,0.02812646533576766,0.039812326333530726,0.5304114490161002,0.7633959638135009
Tasikmalaya,0.6110158185629885,0.20413370757846386,0.32849364791288566,0.025037662246964573,0.0322507174418075,0.5411449016100179,0.7070285316631876
Ciamis,0.6910615589860875,0.1316662413881092,0.29491833030852993,0.03343808925204274,0.03584931444449506,0.552772808586762,0.7905358385525406
Kuningan,0.6662854964741759,0.24623628476652204,0.6950998185117967,0.02838685861941676,0.04628069056620963,0.5348837209302326,0.7877522616562284
Cirebon,0.6697160282065943,0.223781576932891,0.6007259528130671,0.027256492372771442,0.10139844212636086,0.5125223613595707,0.7710508002783582
Majalengka,0.6373165618448637,0.2191885685123756,0.35299455535390195,0.033336326359582176,0.046235138705416116,0.501788908765653,0.7710508002783582
Sumedang,0.7133600152468078,0.17529982138300582,0.5480943738656987,0.03878862250955274,0.034437206759896144,0.6100178890876565,0.7926235212247745
Indramayu,0.639031827711073,0.24751212043888743,0.5562613430127041,0.05421966817315654,0.04190771193003234,0.4499105545617174,0.7599164926931105
Subang,0.6681913474366306,0.18525133962745596,0.5998185117967332,0.032142108886294936,0.03489272536783128,0.49552772808586765,0.7780097425191372
Purwakarta,0.6927768248522967,0.15769328910436334,0.6551724137931033,0.08301058533616673,0.048102764997950166,0.5563506261180681,0.7668754349338904
Karawang,0.6975414522584336,0.14365909670834398,0.718693284936479,0.12019793880258997,0.06072063043775338,0.5483005366726298,0.7835768963117606
Bekasi,0.7650085763293311,0.06557795355958151,0.7894736842105263,0.12757574850598105,0.11911811597503758,0.7012522361359571,0.7954070981210857
Bandung Barat,0.6428435296359826,0.21076805307476393,0.5970961887477313,0.03160635718775254,0.06677902792329067,0.5652951699463328,0.7766179540709816
Pangandaran,0.6394129979035639,0.16636897167644804,0.13248638838475496,0.034746041722785906,0.01744636268391564,0.552772808586762,0.7800974251913712
Kota Bogor,0.8046502763483896,0.10972186782342434,0.7268602540834846,0.055666297526762644,0.44098756434200337,0.7862254025044724,0.8281141266527489
Kota Sukabumi,0.7728225652753954,0.1268180658331207,0.7459165154264973,0.04383785779134616,0.34478203434610305,0.7567084078711986,0.7800974251913712
Kota Bandung,0.8999428244711264,0.041847410053585096,0.660617059891107,0.14592100406053896,0.6912039356807725,0.8184257602862255,0.8302018093249828
Kota Cirebon,0.7772060224890414,0.17325848430722118,0.5598911070780399,0.08753604102441312,0.3982143670568943,0.7701252236135957,0.80584551148225525
Kota Bekasi,0.9003239946636175,0.045419749936208204,0.6987295825771325,0.0479901828739038,0.565253040586708,0.8828264758497316,0.851774530271399
Kota Depok,0.8883171336001525,0.0028068384792038752,0.5580762250453719,0.04259575189807748,0.4929166856466087,0.8649373881932022,0.8295059151009044
Kota Cimahi,0.8343815513626834,0.05511610104618524,0.8030852994555354,0.07154130875061107,0.6426456520748872,0.8586762075134168,0.8107167710508003
Kota Tasikmalaya,0.738326662854965,0.2263332482776218,0.5780399274047187,0.03853521295381761,0.1858060401767412,0.689624329159213,0.7940153096729301
Kota Banjar,0.7116447493805985,0.0923705026792549,0.48275862068965514,0.02557141859467441,0.07283742540882795,0.6180679785330948,0.7717466945024355
Cilacap,0.6876310272536688,0.21561622862975244,0.6996370235934664,0.06622868715891972,0.04095112285336856,0.4901610017889088,0.7703549060542799
Banyumas,0.7284162378502002,0.24802245470783357,0.5499092558983665,0.03932437420809514,0.06327153464219014,0.535778175313059,0.72651356993737
Purbalingga,0.6554221459881837,0.3049247256953304,0.4392014519056261,0.031338980176189475,0.06067507857695987,0.4865831842576029,0.7160751565762005
Banjarnegara,0.6346483704974271,0.31844858382240365,0.49455535390199634,0.026802550058364013,0.0451418940463718,0.44275491949910556,0.7515657620041758
Kebumen,0.6790546979226226,0.34396529726971165,0.4491833030852994,0.026422435724761308,0.048193868719537195,0.5322003577817531,0.7877522616562284
Purworejo,0.7396607585286831,0.22046440418474095,0.3421052631578947,0.03033332335657917,0.03489272536783128,0.6019677996422182,0.81697981906750206
Wonosobo,0.6388412426148274,0.3329931104873692,0.35390199637023584,0.02632466353396586,0.04249988612034802,0.445438282647585,0.7202505219206683
Magelang,0.6801982085000953,0.21944373564684866,0.3112522686025408,0.031706124729380544,0.05621099621919556,0.5286225402504473,0.7501739735560202
Boyolali,0.7558604917095483,0.18882367951007908,0.27586206896551724,0.040783973342112874,0.046235138705416116,0.5590339892665475,0.8726513569937371
Klaten,0.7977892128835525,0.2503189589180913,0.34936479128856623,0.04181457204713019,0.08399763130323874,0.6592128801431126,0.9331941544885182
Sukoharjo,0.8195159138555365,0.13370757846389383,0.32032667876588017,0.05208065208065208,0.09183255135972304,0.723613595706619,0.9819067501739742
Wonogiri,0.6908709738898419,0.2163817300331717,0.2068965517241379,0.036909999700697374,0.02669339042499886,0.5152057245080501,0.8990953375086984
Karanganyar,0.7968362874023251,0.18780301097218674,0.3039927404718693,0.05220635918310337,0.05698537785268528,0.6565295169946332,0.9749478079331942
Sragen,0.747665332570993,0.2597601428935953,0.3094373865698729,0.051235621003062864,0.04591627567986152,0.5330948121645797,0.8545581071677112
Grobogan,0.6807699637888317,0.23475376371523343,0.2822141560798548,0.024032005427354265,0.034619414203070194,0.48032200357781757,0.7898399443284623
Blora,0.668763102725367,0.23449859658076036,0.32214156079854805,0.03569483104366825,0.021044959686603196,0.4776386404293381,0.7668754349338904
Rembang,0.6904898036973509,0.3008420515437611,0.24682395644283117,0.03788373090698672,0.029107639047055073,0.5196779964221825,0.7710508002783582
Pati,0.7204116638078902,0.1770859913243174,0.3402903811252268,0.04217373519699101,0.03958456702956316,0.5277280858676208,0.8810020876826726
Kudus,0.779874213836478,0.1275835672365399,0.278584392014519,0.14446340027735377,0.09452011114654034,0.6645796064400715,0.916492693110647
Jepara,0.7246045359252906,0.09849451390660881,0.29219600725952805,0.031999441301766886,0.05584658133284744,0.5679785330948122,0.8566457898399441
Demak,0.7293691633314274,0.2464914519009951,0.42014519056261335,0.027429090219787896,0.0634992939461577,0.5688729874776386,0.8274182324286715
Semarang,0.7503335239184297,0.12069405460576678,0.32758620689655166,0.05931579419951513,0.05215688060857286,0.5581395348837209,0.8524704244954774
Temanggung,0.6779111873451498,0.1643276346006634,0.2023593466424682,0.03459938343659274,0.04254543798114153,0.501788908765653,0.83785664578984
Kendal,0.7249857061177817,0.18167899974483281,0.44373865698729575,0.05432641944269851,0.04828497244112422,0.520572450805009,0.7536534446764097
Batang,0.6563750714694111,0.1658586374075019,0.5036297640653357,0.035392535392535396,0.044458616134469095,0.46153846153846156,0.7731384829505921
Pekalongan,0.6773394320564133,0.17147231436590962,0.28856624319419233,0.028898666107968433,0.055436614585705826,0.4973166368515206,0.7202505219206683
Pemalang,0.6146369353916524,0.3238070936463383,0.5907441016333937,0.021781249688226433,0.06286156789504851,0.4150268336314848,0.7188587334725127
Tegal,0.6569468267581475,0.11686654758867057,0.6724137931034482,0.02767152534594395,0.0774381633489728,0.4865831842576029,0.7202505219206683
Brebes,0.612921669525443,0.3411584587905077,0.7468239564428312,0.02915207566370357,0.05306791782444313,0.4016100178890877,0.7153792623521231
Kota Magelang,0.8738326662854966,0.09466700688951263,0.38838475499092556,0.09555136531880717,0.3005511775156015,0.8506261180679785,0.949199721642311
Kota Surakarta,0.9167143129407282,0.15514161775963253,0.40744101633393826,0.12140911675795396,0.5138705416116248,0.834525939177102,0.9749478079331942
Kota Salatiga,0.9418715456451306,0.05970910946670069,0.33938294010889286,0.08880608182933765,0.16667425864346558,0.855098389982111,1
Kota Semarang,0.9329140461215933,0.045930084205154376,0.5172413793103448,0.15542486007602288,0.2081720038263563,0.8166368515205725,0.9972164231036887
Kota Pekalongan,0.779874213836478,0.11431487624393978,0.4346642468239564,0.04506300320253809,0.32314490046918415,0.6636851520572451,0.7578288100208775
Kota Tegal,0.7838765008576332,0.1380454197499362,0.5226860254083484,0.07130286432612014,0.32788229399170954,0.6583184257602862,0.7731384829505921
Kulon Progo,0.759291023441967,0.34166879305945386,0.18330308529945552,0.03706962776730219,0.034528310481483165,0.6511627906976744,0.8065414057063325
Bantul,0.866018677339432,0.24062260780811429,0.3130671506352086,0.03494058842896052,0.0913770327517879,0.7057245080500895,0.7585247042449548
Gunung Kidul,0.6782923575376406,0.33044143914263835,0.18421052631578944,0.03460237646284158,0.02295813783993076,0.48568872987477635,0.7661795407098121
Sleman,0.9397751095864304,0.13345241132942076,0.3584392014519056,0.0535562140213303,0.09251582927162574,0.8416815742397138,0.80584551148225525
Kota Yogyakarta,1,0.10283235519265116,0.5081669691470053,0.13030937914658844,0.5265795107730151,0.9123434704830053,0.8232428670842037
Pacitan,0.6563750714694111,0.2768563409032916,0.1306715063520871,0.034196322568415594,0.018630711064546987,0.5348837209302326,0.754349338900487
Ponorogo,0.6996378883171338,0.1755549885174789,0.36932849364791287,0.02720461325112488,0.030838609757208583,0.5259391771019678,0.7919276270006962
Trenggalek,0.6849628359062321,0.211023220209237,0.34301270417422863,0.03183183183183183,0.02705780531134697,0.5366726296958855,0.7967988865692414
Tulungagung,0.7392795883361922,0.10334268946159735,0.36297640653357527,0.04508395438627997,0.04423085683050153,0.6046511627906976,0.7863604732080728
Blitar,0.7011625690870975,0.15131411074253634,0.42196007259528123,0.036905011323615976,0.03288844349291668,0.5322003577817531,0.7947112038970074
Kediri,0.7268915570802363,0.19698902781321762,0.4519056261343012,0.03144573144573144,0.05042590989841935,0.5670840787119857,0.7773138482950589
Malang,0.6933485801410332,0.1722378157693289,0.454627949183303,0.0496572984945078,0.03580376258370154,0.5259391771019678,0.796102992345164
Lumajang,0.6194015627977892,0.16381730033171726,0.28675136116152444,0.036673550627038996,0.02897098346467453,0.47853309481216455,0.7425191370911619
Jember,0.6260720411663809,0.1730033171727481,0.2822141560798548,0.038554168786726926,0.03571265886211452,0.4132379248658319,0.7146833681280449
Banyuwangi,0.7015437392795884,0.10997703495789742,0.35480943738656984,0.061123582053814615,0.02213820434564752,0.5241502683363148,0.7118997912317326
Bondowoso,0.6165427863541073,0.2646083184485838,0.3185117967332123,0.03260503027944888,0.023140345283104814,0.4123434704830054,0.654836464857342
Situbondo,0.6375071469411093,0.23679510079101806,0.27495462794918324,0.03776899823411451,0.01922288525486266,0.4481216457960644,0.6583159359777315
Probolinggo,0.60968172288927025,0.3628476652207195,0.2613430127041742,0.037629323675835304,0.03120302464355669,0.39266547406082286,0.6979819067501747
Pasuruan,0.6561844863731657,0.1633069660627711,0.44464609800362964,0.12058802989035547,0.05047146175921286,0.49552772808586765,0.745302713987474
Sidoarjo,0.8768820278254241,0.05868844092880837,0.5780399274047187,0.13558508674787745,0.13651892679815972,0.8041144901610018,0.8162839248434237
Mojokerto,0.7562416619020395,0.18218933401377896,0.3402903811252268,0.09696507138367604,0.0532956771284107,0.6449016100178891,0.7689631176061243
Jombang,0.7394701734324376,0.16254146465935185,0.32940108892921954,0.03864296189877585,0.05584658133284744,0.6135957066189623,0.747390396659708
Nganjuk,0.7228892700590815,0.20260270477162537,0.3402903811252268,0.031154410224177666,0.039903430055117754,0.5661896243291592,0.747390396659708
Madiun,0.7135506003430532,0.21434039295738708,0.3829401088929219,0.03281553979228398,0.03092971347879561,0.5617173524150267,0.7578288100208775
Magetan,0.7541452258433392,0.1809134983414136,0.28675136116152444,0.034951562858539606,0.04409420124812099,0.6055456171735242,0.8016701461377874
Ngawi,0.7011625690870975,0.29548354171982644,0.2068965517241379,0.028460686600221483,0.028743224160706966,0.5295169946332737,0.7870563674321501
Bojonegoro,0.6761959214789405,0.2413881092115335,0.3901996370235934,0.07581135953228976,0.02601011251309616,0.5071556350626119,0.7661795407098121
Tuban,0.6657137411854395,0.3095177341158458,0.3774954627949183,0.07011563058074687,0.028196601831184803,0.501788908765653,0.7689631176061243
Lamongan,0.740041928721174,0.2533809645317683,0.3829401088929219,0.03688206478904153,0.03571265886211452,0.5867620751341682,0.7773138482950589
Gresik,0.8033161806746714,0.2064302117887216,0.5744101633393829,0.13713148364311156,0.04937821710016854,0.7254025044722718,0.7362560890744612
Bangkalan,0.5711835334476844,0.4192396019392702,0.47459165154264965,0.025187313559406583,0.03849132237051883,0.36583184257602863,0.6631871955462777
Sampang,0.5403087478559179,0.4746108701199284,0.21597096188747728,0.023608991050851517,0.03758028515464857,0.2826475849731664,0.6791927627000696
Pamekasan,0.6134934248141795,0.2852768563409033,0.13793103448275862,0.02454680594215478,0.05060811734159341,0.46958855098389984,0.6791927627000696
Sumenep,0.6281684772250812,0.39678489410563916,0.14246823956442828,0.03830574760807319,0.02509907529722589,0.3738819320214669,0.6931106471816286
Kota Kediri,0.8585858585858586,0.10921153355447816,0.3439201451905626,0.56370756138198,0.2019769507584385,0.8050089445438283,0.83785664578984
Kota Blitar,0.8570611778158947,0.11533554478183207,0.4528130671506352,0.05836999790488163,0.21236277501935955,0.7960644007155636,0.7863604732080728
Kota Malang,0.910234419668382,0.04286807859147742,0.542649727767695,0.11363722526513224,0.35780986653304786,0.8246869409660108,0.810020876826723
Kota Probolinggo,0.761768629693158,0.10079101811686653,0.39201451905626133,0.06065267925733042,0.2078075889400082,0.6976744186046513,0.7244258872651361
Kota Pasuruan,0.7899752239374882,0.10436335799948965,0.4092558983666061,0.05015015015015015,0.25618366510271945,0.7173524150268336,0.7627000695894226
Kota Mojokerto,0.8503906994473033,0.08522582291400867,0.3303085299455535,0.061720191952750095,0.30947934223113016,0.8461538461538463,0.8413361169102296
Kota Madiun,0.8991804840861446,0.054860933911712165,0.37931034482758613,0.0914160007183263,0.2543160388101854,0.9114490161001789,0.819067501739736
Kota Surabaya,0.9117591004383458,0.04414391426384281,0.4346642468239564,0.26293935131144436,0.39611898146039265,0.8023255813953489,0.8434237995824634
Kota Batu,0.8097960739470176,0.021178872161265627,0.3185117967332123,0.09843764029810541,0.05215688060857286,0.7110912343470482,0.7974947807933196
Pandeglang,0.5849056603773585,0.17734115845879048,0.7232304900181488,0.02619696108068201,0.021682685737712384,0.46869409660107336,0.7181628392484344
Lebak,0.56336954450162,0.15845879050778255,0.5544464609800362,0.025088543693194857,0.01986061130597185,0.4194991055456172,0.7021572720946415
Tangerang,0.7202210787116449,0.1102322020923705,0.5390199637023593,0.05378368401624216,0.15064000364414887,0.6386404293381038,0.796102992345164
Serang,0.6237850200114352,0.0581781066598622,0.822141560798548,0.05904941486336835,0.05265795107730151,0.5330948121645797,0.7661795407098121
Kota Tangerang,0.8332380407852106,0.08165348303138555,0.5263157894736842,0.1133738389552343,0.5015259873365827,0.8246869409660108,0.8072372999304108
Kota Cilegon,0.7402325138174196,0.03878540443990813,0.5408348457350272,0.30133987808406415,0.1276363139434246,0.7576028622540251,0.7745302713987477
Kota Serang,0.71831522774919,0.08726715998979331,0.6352087114337567,0.05754392266020173,0.12585979137247758,0.6270125223613595,0.7940153096729301
Kota Tangerang Selatan,0.8879359634076616,0.003317172748150035,0.45099818511796724,0.07917751638681872,0.38659864255454834,0.8890876565295169,0.8281141266527489
Jembrana,0.7299409186201639,0.0581781066598622,0.13793103448275862,0.05079165544281823,0.01735525896232861,0.6064400715563506,0.7773138482950589
Tabanan,0.8027444253859349,0.05537126818065834,0.13248638838475496,0.05816647211996049,0.025007971575638863,0.6842576028622541,0.819067501739736
Badung,0.9066133028397181,0,0.13157894736842105,0.1309618588688356,0.0648658497699631,0.8246869409660108,0.8350730688935288
Gianyar,0.829426338860301,0.04516458280173513,0.1297640653357532,0.061728173356080336,0.06582243884662689,0.7084078711985689,0.8225469728601255
Klungkung,0.7192681532304176,0.07833631028323551,0.09346642468239562,0.05168657029122145,0.03029198742768642,0.6100178890876565,0.7654836464857347
Bangli,0.6678101772441396,0.07221229905588158,0.055353901996370226,0.031380882543673244,0.022593722953582654,0.5062611806797853,0.7188587334725127
Karang Asem,0.6373165618448637,0.10946670068895123,0.15245009074410162,0.039320383506430016,0.02719446089372751,0.45259391771019686,0.7146833681280449
Buleleng,0.7284162378502002,0.08063281449349322,0.12613430127041741,0.04985949737112528,0.027968842527217236,0.5161001788908767,0.7522616562282531
Kota Denpasar,0.9323422908328569,0.009186016841030872,0.11705989110707803,0.08540633324354255,0.273356716621874,0.8595706618962433,0.8281141266527489
Lombok Barat,0.6550409757956929,0.2658841541209492,0.23865698729582574,0.024167689283968355,0.03767138887623559,0.44364937388193204,0.6082115518441199
Lombok Tengah,0.6264532113588719,0.25108446032151055,0.22050816696914696,0.01950255903744276,0.0431376121714572,0.4302325581395349,0.5351426583159364
Lombok Timur,0.6275967219363447,0.31334524113294204,0.21869328493647908,0.01772669679646424,0.039994533776704776,0.4865831842576029,0.5601948503827422
Sumbawa,0.6527539546407471,0.27149783107935693,0.23139745916515422,0.03361068709905919,0.0035985970026875596,0.5966010733452594,0.6102992345163538
Dompu,0.6571374118543931,0.23883643786680273,0.23411978221415605,0.03521794219468638,0.004919600965699449,0.6368515205724508,0.5469728601252615
Bima,0.6220697541452259,0.297269711661138,0.18784029038112518,0.026271786736903016,0.005785086320776203,0.5706618962432917,0.5553235908141961
Sumbawa Barat,0.7158376214979989,0.2551671344730798,0.2704174228675136,0.23372641744734768,0.003963011889035667,0.6323792486583185,0.6311760612386919
Lombok Utara,0.5896702877834953,0.5544781832100025,0.1569872958257713,0.022002733630640606,0.014576595453924293,0.40071556350626125,0.5302713987473903
Kota Mataram,0.844291976367448,0.14723143659096705,0.4292196007259527,0.05343749064679297,0.33539835102263926,0.6851520572450805,0.7606123869171887
Kota Bima,0.795502191728607,0.150293442204644,0.2858439201451905,0.031585406004010656,0.03575821072290803,0.8085867620751342,0.6437021572720952
Sumba Barat,0.5671812464265296,0.6198009696351109,0.2803992740471869,0.018536809234483653,0.009247027741083224,0.46958855098389984,0.5198329853862218
Sumba Timur,0.5980560320182964,0.6330696606277111,0.30308529945553536,0.029225903644508295,0.0015943151277729695,0.5232558139534883,0.5337508698677799
Kupang,0.5769010863350486,0.4883898953814748,0.29401088929219593,0.02561930701465585,0.003279733977132966,0.5098389982110912,0.39178844815588054
Timor Tengah Selatan,0.534781780064799,0.5728502168920642,0.22776769509981845,0.020351580816697096,0.005466223295221609,0.4731663685152057,0.5093945720250523
Timor Tengah Utara,0.5627977892128836,0.47614187292676696,0.1542649727767695,0.01787634810890625,0.0046918416617318815,0.5590339892665475,0.4954766875434933
Belu,0.5361158757385175,0.2967593773921918,0.4800362976406533,0.02429339638641964,0.009429235184257277,0.4991055456171735,0.7237299930410578
Alor,0.5244901848675434,0.4501148252105128,0.1950998185117967,0.01686370756138198,0.003416389559513506,0.5983899821109123,0.4857341684064021
Lembata,0.5778540118162762,0.5611125287063026,0.18693284936479126,0.015119770933724422,0.005056256548079989,0.5679785330948122,0.6576200417536533
Flores Timur,0.5715647036401755,0.230160755294718,0.3139745916515426,0.02117865373679327,0.007516057030929713,0.5491949910554562,0.6965901183020181
Sikka,0.5929102344196684,0.2464914519009951,0.20054446460980033,0.019008709706384123,0.00920147588028971,0.4534883720930233,0.71955462769659
Ende,0.6253097007813989,0.5190099515182444,0.17513611615245003,0.027177676014885317,0.006058397485537284,0.569767441860465,0.6242171189979129
Ngada,0.6331236897274634,0.24598111763204894,0.23230490018148817,0.024811189927469,0.004464082357764315,0.6180679785330948,0.7327766179540717
Manggarai,0.5904326281684773,0.428170451645828,0.09528130671506349,0.01684974010555406,0.011251309615997813,0.535778175313059,0.594293667362561
Rote Ndao,0.539165237278445,0.600918601684103,0.20871143375680576,0.024725389841668912,0.0053295677128410695,0.5286225402504473,0.41127348643006295
Manggarai Barat,0.5784257671050126,0.37024751212043877,0.3039927404718693,0.01580617162012511,0.003917460028242154,0.5626118067978534,0.6235212247738345
Sumba Tengah,0.5338288545835717,0.7300331717274814,0.16061705989110706,0.01567946684225754,0.002277593039675671,0.47495527728085873,0.3869171885873345
Sumba Barat Daya,0.5330665141985896,0.6371523347792803,0.22867513611615242,0.014037293107060549,0.010750239147269166,0.3998211091234347,0.36882393876130865
Nagekeo,0.5988183724032781,0.2569533044143914,0.18602540834845732,0.016180299901230134,0.005420671434428096,0.56440071556350635,0.599164926931107
Manggarai Timur,0.5317324185248715,0.5784638938504719,0.03539019963702359,0.013515508864346073,0.005557327016808637,0.5402504472271914,0.6318719554627702
Sabu Raijua,0.44368210405946257,0.6608828782852767,0.35117967332123406,0.017837438767671326,0.009292579601876736,0.4534883720930233,0.19137091162143408
Malaka,0.5037164093767867,0.2982903801990303,0.13248638838475496,0.018618618618618618,0.007834920056484307,0.4669051878354204,0.5267919276270008
Kota Kupang,0.8534400609872308,0.15335544781832097,0.7695099818511796,0.06403380124310357,0.13565344144308294,0.8694096601073346,0.7689631176061243
Sambas,0.6291214027063085,0.10972186782342434,0.4419237749546279,0.04269452176428921,0.004919600965699449,0.4329159212880143,0.7251217814892134
Bengkayang,0.6479893272346102,0.0961980096963511,0.24410163339382937,0.039421148723474304,0.002414248622056211,0.4910554561717353,0.7320807237299934
Landak,0.6247379454926625,0.1722378157693289,0.19056261343012704,0.03481188830026039,0.0021864893180886438,0.49552772808586765,0.7118997912317326
Mempawah,0.6148275204878979,0.06634345496300076,0.6043557168784028,0.03859607115421069,0.007379401448549173,0.4731663685152057,0.72651356993737
Sanggau,0.6123499142367069,0.06226078081143148,0.32577132486388377,0.05102610916564405,0.0017765225709470232,0.4964221824686941,0.7132915796798893
Ketapang,0.6312178387650087,0.15998979331462104,0.5662431941923775,0.0642373270280247,8.199334942832415e-4,0.5152057245080501,0.6833681280445374
Sintang,0.6312178387650087,0.1479969379943863,0.24773139745916511,0.045243582452884776,8.199334942832415e-4,0.5125223613595707,0.7272094641614473
Kapuas Hulu,0.6152086906803889,0.13192140852258227,0.18693284936479126,0.053019464647371624,2.7331116476108047e-4,0.5465116279069767,0.6673625608907444
Sekadau,0.5898608728797409,0.08752232712426639,0.1923774954627949,0.041472369379346126,0.0015943151277729695,0.47495527728085873,0.7112038970076554
Melawi,0.6167333714503526,0.21408522582291395,0.20780399274047184,0.02885177536340327,0.001002140937457295,0.5134168157423972,0.6903270702853164
Kayong Utara,0.5610825233466743,0.16866547588670575,0.2631578947368421,0.04224756317779574,0.0014121076845989159,0.4132379248658319,0.6012526096033409
Kubu Raya,0.647036401753383,0.04720591987751977,0.5998185117967332,0.06323865393632835,0.0033708376987199927,0.4588550983899821,0.6624913013221994
Kota Pontianak,0.862778730703259,0.050267925491196734,0.7413793103448275,0.07442658605449304,0.26228761444905024,0.7647584973166369,0.8044537230340987
Kota Singkawang,0.7160282065942445,0.05868844092880837,0.7078039927404718,0.05511358534614349,0.020589441078668065,0.5635062611806798,0.7550452331245653
Kotawaringin Barat,0.7268915570802363,0.047971421280939015,0.38747731397459156,0.1092494487843325,0.0012754521022183755,0.6127012522361359,0.6534446764091865
Kotawaringin Timur,0.692967409948542,0.08752232712426639,0.4029038112522685,0.08373190466213722,0.0012299002414248622,0.5599284436493739,0.7292971468336812
Kapuas,0.6674290070516485,0.07706047461087011,0.307622504537205,0.05755789011602965,0.0010476927982508086,0.537567084078712,0.6235212247738345
Barito Selatan,0.6872498570611779,0.06634345496300076,0.37931034482758613,0.0642473037821875,9.110372158702683e-4,0.6529516994633274,0.6186499652052895
Barito Utara,0.6862969315799505,0.08777749425873946,0.40108892921960065,0.08532818532818533,6.377260511091878e-4,0.6261180679785331,0.6784968684759922
Sukamara,0.6394129979035639,0.04873692268435824,0.39473684210526305,0.09475721568744824,8.654853550767549e-4,0.5599284436493739,0.7286012526096038
Lamandau,0.6851534210024777,0.026027047716254144,0.26769509981851175,0.07869364380992289,5.466223295221609e-4,0.6171735241502684,0.6743215031315245
Seruyan,0.624166190203926,0.12375606021944371,0.3012704174228675,0.07121806191573633,4.0996674714162076e-4,0.5447227191413238,0.6534446764091865
Katingan,0.6556127310844293,0.07731564174534318,0.40562613430127037,0.06693703670447856,2.7331116476108047e-4,0.6288014311270125,0.712595685455811
Pulang Pisau,0.6474175719458738,0.059453942332227595,0.19147005444646095,0.05390440274161205,5.466223295221609e-4,0.5813953488372093,0.649965205288796
Gunung Mas,0.6943015056222605,0.08803266139321253,0.28947368421052627,0.06610098470563587,6.377260511091878e-4,0.6663685152057245,0.6736256089074462
Barito Timur,0.7044025157232706,0.11303904057157436,0.27495462794918324,0.0905450300799138,0.0015943151277729695,0.6815742397137745,0.5782881002087681
Murung Raya,0.6428435296359826,0.11099770349578972,0.21778584392014516,0.098863647700857,0.00013665558238054024,0.5384615384615385,0.6638830897703549
Kota Palangka Raya,0.874785591766724,0.0329165603470273,0.46370235934664245,0.08359921383177198,0.004874049104905936,0.8711985688729875,0.7369519832985385
Tanah Laut,0.669525443110349,0.03853023730543506,0.30036297640653353,0.05727953867488751,0.004236323053796748,0.5384615384615385,0.747390396659708
Kota Baru,0.65389746521822,0.056647103853023725,0.5381125226860253,0.10693583949397903,0.0015487632669794562,0.5178890876565295,0.6945024356297842
Banjar,0.6779111873451498,0.003317172748150035,0.23502722323048997,0.039115860046092604,0.005876190042363231,0.539355992844365,0.6715379262352122
Barito Kuala,0.6201639031827713,0.054350599642766013,0.29854809437386565,0.03339219618289386,0.006103949346330797,0.5366726296958855,0.5998608211551844
Tapin,0.6901086335048601,0.028068384792038784,0.33938294010889286,0.07143355980565283,0.004099667471416208,0.5572450805008945,0.7529575504523314
Hulu Sungai Selatan,0.6653325709929483,0.02934422046440418,0.18058076225045366,0.04053555216345914,0.006331708650298365,0.5518783542039356,0.6207376478775224
Hulu Sungai Tengah,0.6554221459881837,0.09134983414136257,0.27949183303085295,0.03394989674059441,0.008244886803625928,0.5751341681574239,0.6054279749478078
Hulu Sungai Utara,0.6094911377930247,0.0898188313345241,0.32758620689655166,0.02702702702702703,0.011387965198378354,0.5241502683363148,0.5977731384829504
Tabalong,0.7263198017914999,0.08701199285532021,0.3012704174228675,0.12121057935011423,0.003416389559513506,0.6466905187835421,0.7557411273486436
Tanah Bumbu,0.6984943777396608,0.030109721867823423,0.5671506352087113,0.10324144742749394,0.0030975265339589124,0.5822898032200358,0.733472512178149
Balangan,0.6678101772441396,0.067364123500893075,0.2332123411978221,0.15639460058064708,0.0033708376987199927,0.5554561717352416,0.6938065414057069
Kota Banjarmasin,0.8147512864493996,0.05996427660117376,0.5843920145190561,0.06730817195933475,0.30957044595271715,0.7540250447227191,0.7773138482950589
Kota Banjar Baru,0.842576710501239,0.03980607297780046,0.4364791288566242,0.05214649865812657,0.040723363549400995,0.8121645796064401,0.7800974251913712
Paser,0.7318467695826187,0.1633069660627711,0.4083484573502722,0.19190386399688725,0.0011387965198378354,0.6261180679785331,0.7098121085594988
Kutai Barat,0.7280350676577092,0.18703750956876752,0.4618874773139745,0.22071373699280675,5.010704687286475e-4,0.6234347048300537,0.6979819067501747
Kutai Kartanegara,0.754907566228321,0.12885940290890532,0.38838475499092556,0.25776740195344844,0.0012299002414248622,0.6574239713774598,0.7258176757132917
Kutai Timur,0.747665332570993,0.16789997448328653,0.5517241379310345,0.34287310566380336,5.921741903156744e-4,0.6753130590339893,0.7411273486430063
Berau,0.7692014484467314,0.07272263332482776,0.38838475499092556,0.19281075095028583,4.5551860793513417e-4,0.6842576028622541,0.6791927627000696
Penajam Paser Utara,0.7165999618829809,0.11380454197499362,0.37568058076225036,0.08612732333662566,0.0037352525850681,0.5948121645796065,0.7216423103688239
Mahakam Ulu,0.6489422527158376,0.217402398571064,0.24682395644283117,0.10912773238354634,0,0.5885509838998211,0.677800974251914
Kota Balikpapan,0.8755479321517057,0,0.5190562613430126,0.21279518721379187,0.06400036441488635,0.8112701252236136,0.8329853862212949
Kota Samarinda,0.8864112826376979,0.052819596835927525,0.4709618874773139,0.11360829267806012,0.05443447364824853,0.8076923076923077,0.8079331941544892
Kota Bontang,0.8789784638841244,0.03853023730543506,0.5662431941923775,0.3617062244969222,0.05325012526761718,0.8094812164579607,0.7745302713987477
Malinau,0.7165999618829809,0.12018372033682062,0.2994555353901996,0.2077529356599124,0,0.689624329159213,0.6520528879610299
Bulungan,0.7059271964932343,0.1666241388109211,0.3647912885662431,0.15962108287689683,4.5551860793513417e-4,0.6538461538461539,0.6938065414057069
Tana Tidung,0.6437964551172098,0.05715743812196988,0.323049001814882,0.33357776381032195,1.8220744317405365e-4,0.6547406082289804,0.6687543493389011
Nunukan,0.614065180102916,0.08930849706557796,0.2259528130671506,0.19073658375983957,5.921741903156744e-4,0.57871198568873,0.6423103688239387
Kota Tarakan,0.793977510958643,0.08497065577953558,0.4482758620689654,0.21971207087486158,0.04596182754065504,0.7558139534883721,0.7216423103688239
Bolaang Mongondow,0.647798742138365,0.14059709109466698,0.44010889292196,0.04381491125677172,0.003507493281100533,0.5778175313059035,0.5748086290883785
Minahasa,0.7897846388412426,0.10972186782342434,0.6914700544464609,0.0670407949477717,0.014166628706782673,0.7432915921288015,0.7877522616562284
Kepulauan Sangihe,0.6939203354297694,0.21969890278132173,0.22867513611615242,0.04226851436153762,0.01079579100806268,0.6019677996422182,0.7515657620041758
Kepulauan Talaud,0.6760053363826949,0.1515692778770094,0.2976406533575317,0.03062464457813295,0.004327426775383774,0.7191413237924866,0.6687543493389011
Minahasa Selatan,0.7217457594816087,0.17198264863485582,0.42196007259528123,0.051302465255953625,0.0074705051701362,0.6717352415026834,0.7272094641614473
Minahasa Utara,0.75452639603583,0.12043888747129369,0.6061705989110707,0.08627797232448395,0.010613583564888627,0.7540250447227191,0.7515657620041758
Bolaang Mongondow Utara,0.6293119878025538,0.14416943097729013,0.3584392014519056,0.039732423453353684,0.002323144900469184,0.5983899821109123,0.6771050800278356
Siau Tagulandang Biaro,0.6481799123308558,0.1553967848941056,0.20780399274047184,0.04494128680175192,0.015396528948207535,0.6717352415026834,0.7494780793319419
Minahasa Tenggara,0.692967409948542,0.24215361061495277,0.2958257713248638,0.06010695080462522,0.007197194005375119,0.6457960644007157,0.6583159359777315
Bolaang Mongondow Selatan,0.5877644368210406,0.23220209237050266,0.2531760435571688,0.039888060818293374,0.0017765225709470232,0.5688729874776386,0.4899095337508699
Bolaang Mongondow Timur,0.6142557651991615,0.09288083694820107,0.4682395644283121,0.04429778615825127,0.004782945383318909,0.569767441860465,0.6645789839944333
Kota Manado,0.8448637316561844,0.08165348303138555,0.7613430127041741,0.11405724661538615,0.12909397348881702,0.8533094812164581,0.789144050104384
Kota Bitung,0.7510958643034115,0.10308752232712423,0.6560798548094373,0.1042800275358415,0.03238737302418804,0.7191413237924866,0.7327766179540717
Kota Tomohon,0.8117019249094721,0.08037764735902014,0.6969147005444645,0.0556134207296998,0.02792329066642372,0.8148479427549195,0.8121085594989559
Kota Kotamobagu,0.7427101200686106,0.07374330186272007,0.5308529945553538,0.03948799297636507,0.05388785131872637,0.7540250447227191,0.7703549060542799
Banggai Kepulauan,0.5932914046121596,0.25746363868333755,0.1297640653357532,0.04224656550237946,0.002277593039675671,0.6064400715563506,0.2533054975643708
Banggai,0.6864875166761959,0.11048736922684357,0.2713248638838475,0.10681412309319287,0.00200428187491459,0.616279069767442,0.5817675713291586
Morowali,0.7097388984181439,0.2378157693289104,0.24682395644283117,1,0.0016854188493599963,0.667262969588551,0.5003479471120394
Poso,0.6969696969696971,0.3062005613676958,0.1497277676950998,0.04920435385551664,0.0014576595453924292,0.6815742397137745,0.6346555323590813
Donggala,0.5936725748046504,0.3335034447563153,0.24228675136116148,0.05220137080602197,0.0026875597868172914,0.5438282647584973,0.47599164926931087
Toli-Toli,0.611206403659234,0.26078081143148757,0.2713248638838475,0.04642083944409526,0.0027786635084043184,0.6252236135957067,0.515657620041754
Buol,0.6476081570421194,0.2768563409032916,0.27313974591651535,0.05020003392096415,0.0017765225709470232,0.6511627906976744,0.5149617258176757
Parigi Moutong,0.5944349151896321,0.30543505996427656,0.17967332123411975,0.050122215238494305,0.003507493281100533,0.5483005366726298,0.33542101600556723
Tojo Una-Una,0.5845244901848676,0.3605511610104618,0.21324863883847547,0.042135823531172366,0.001321003963011889,0.5939177101967801,0.4975643702157272
Sigi,0.6519916142557654,0.2508292931870375,0.22050816696914696,0.045607733979827,0.002277593039675671,0.6368515205724508,0.5170494084899097
Banggai Laut,0.5932914046121596,0.2947180403164072,0.3157894736842105,0.042629672862231,0.004828497244112422,0.6019677996422182,0.4968684759916499
Morowali Utara,0.6533257099294836,0.24802245470783357,0.20508166969147001,0.235081260662656,5.921741903156744e-4,0.6449016100178891,0.5880306193458592
Kota Palu,0.8877453783114161,0.09466700688951263,0.49999999999999994,0.08285494797122704,0.050061495012071244,0.8792486583184258,0.6965901183020181
Kepulauan Selayar,0.6428435296359826,0.21842306710895631,0.2141560798548094,0.057493041213971446,0.005511775156015124,0.5876565295169947,0.6666666666666672
Bulukumba,0.6798170383076044,0.11431487624393978,0.19147005444646095,0.043555515648538906,0.017537466405502664,0.590339892665474,0.7153792623521231
Bantaeng,0.6704783685915763,0.15386578208726712,0.22232304900181482,0.06451268544291801,0.023823623195007516,0.4776386404293381,0.6228253305497563
Jeneponto,0.5732799695063846,0.24470528195968355,0.21324863883847547,0.030277453533267485,0.02386917505580103,0.4552772808586762,0.7028531663187197
Takalar,0.632170764246236,0.14085225822914005,0.337568058076225,0.04144144144144144,0.025919008791509133,0.5196779964221825,0.6812804453723035
Gowa,0.6853440060987233,0.11788721612656286,0.3439201451905626,0.03686709965779733,0.020361681774700498,0.5912343470483005,0.7160751565762005
Sinjai,0.6331236897274634,0.14263842817045164,0.12704174228675133,0.058115590673730205,0.014166628706782673,0.5277280858676208,0.6360473208072379
Maros,0.682485229655041,0.1809134983414136,0.3829401088929219,0.06823102171939381,0.012982280326151324,0.5483005366726298,0.6868475991649269
Pangkajene dan Kepulauan,0.6655231560891939,0.2597601428935953,0.34301270417422863,0.09531292089431624,0.01831184803899239,0.5858676207513418,0.6409185803757831
Barru,0.7005908137983611,0.15514161775963253,0.571687840290381,0.05133538854469087,0.007060538422994579,0.6153846153846154,0.6158663883089772
Bone,0.6110158185629885,0.18754784383771367,0.1960072595281306,0.05930282441910349,0.008199334942832415,0.5035778175313059,0.6652748782185106
Soppeng,0.668763102725367,0.11916305179892828,0.29128856624319416,0.06628655233306396,0.007789368195690794,0.5840787119856887,0.6868475991649269
Wajo,0.6712407089765581,0.10819086501658585,0.19872958257713247,0.06573783085410992,0.006696123536646472,0.49552772808586765,0.6659707724425888
Sidenreng Rappang,0.703449590242043,0.07119163051798927,0.29401088929219593,0.05834904672113975,0.008153783082038901,0.5626118067978534,0.7341684064022272
Pinrang,0.7099294835143892,0.16126562898698646,0.27223230490018147,0.06180200133688506,0.010112513096159978,0.5912343470483005,0.7466945024356297
Enrekang,0.7301315037164094,0.230160755294718,0.12613430127041741,0.043085610527470994,0.005921741903156744,0.6431127012522361,0.7077244258872649
Luwu,0.6954450161997334,0.24164327634600657,0.3647912885662431,0.05877106342222621,0.005921741903156744,0.616279069767442,0.6694502435629783
Tana Toraja,0.6740994854202402,0.21842306710895631,0.3502722323049001,0.03384015244480361,0.006422812371885391,0.6127012522361359,0.7620041753653443
Luwu Utara,0.681722889270059,0.22990558816024492,0.20598911070780396,0.057356359681941076,0.001958730014121077,0.5769230769230769,0.6938065414057069
Luwu Timur,0.7366113969887556,0.1102322020923705,0.4047186932849364,0.09615795197190546,0.00200428187491459,0.627906976744186,0.7411273486430063
Toraja Utara,0.6775300171526586,0.21689206430211785,0.21052631578947364,0.046796963076032844,0.009702546349018357,0.592128801431127,0.7745302713987477
Kota Makassar,0.9071850581284545,0.06991579484562387,0.8602540834845734,0.16475512056907407,0.3771694073702911,0.8649373881932022,0.7954070981210857
Kota Parepare,0.8259958071278827,0.07757080887981627,0.441016333938294,0.061006854030109844,0.08167448640276956,0.8014311270125225,0.7466945024356297
Kota Palopo,0.8317133600152469,0.13064557285021686,0.6724137931034482,0.05569722546466733,0.03252402860656858,0.8264758497316638,0.7160751565762005
Buton,0.620926243567753,0.3000765501403419,0.2568058076225045,0.04249099597936807,0.0032341821163394523,0.6001788908765654,0.4572025052192068
Muna,0.6622832094530208,0.2947180403164072,0.33212341197822137,0.04070815001047559,0.005511775156015124,0.60733452593917725,0.5386221294363259
Konawe,0.7068801219744617,0.28119418218933395,0.2568058076225045,0.07470793052188401,0.0022320411788821575,0.6949910554561717,0.6228253305497563
Kolaka,0.7409948542024015,0.24087777494258736,0.2241379310344827,0.15223828479642434,0.0037352525850681,0.667262969588551,0.6805845511482261
Konawe Selatan,0.6649514008004574,0.22888491962235258,0.23956442831215966,0.0530054971915437,0.0034619414203070197,0.6118067978533095,0.5497564370215727
Bombana,0.6070135315418336,0.21204388874712932,0.11887477313974591,0.05603743278161883,0.0021409374572951305,0.552772808586762,0.4961725817675716
Wakatobi,0.6807699637888317,0.3095177341158458,0.2631578947368421,0.050977223070246325,0.011889035667107,0.5912343470483005,0.4857341684064021
Kolaka Utara,0.6746712407089767,0.28782852768563405,0.13793103448275862,0.0816906607604282,0.0022320411788821575,0.6171735241502684,0.4711203897007658
Buton Utara,0.6537068801219744,0.3026282214850727,0.18239564428312155,0.06027755330080911,0.0017309707101535099,0.6547406082289804,0.5219206680584557
Konawe Utara,0.6864875166761959,0.2791528451135493,0.2068965517241379,0.07630421118793212,7.288297726962146e-4,0.6878354203935599,0.4662491301322197
Kolaka Timur,0.6474175719458738,0.29293187037509566,0.18421052631578944,0.04718705416379835,0.0013665558238054024,0.5822898032200358,0.6492693110647186
Konawe Kepulauan,0.6039641700019058,0.3396274559836692,0.12613430127041741,0.04876238364610458,0.0024598004828497244,0.6744186046511629,0.44467640918580437
Muna Barat,0.6052982656756243,0.28451135493748403,0.176043557168784,0.03802440314068221,0.004965152826492962,0.5518783542039356,0.5100904662491306
Buton Tengah,0.5749952353725939,0.31053840265373817,0.24682395644283117,0.025257150838546186,0.006513916093472418,0.48568872987477635,0.4572025052192068
Buton Selatan,0.5850962454736041,0.3074763970400612,0.3049001814882032,0.03690900202528109,0.00879150913314809,0.52146690518783545,0.43980514961725825
Kota Kendari,0.9344387268915572,0.05103342689461598,0.5036297640653357,0.0799636846148474,0.06345374208536418,0.9508050089445439,0.8051496172581769
Kota Baubau,0.7972174575948161,0.13192140852258227,0.35117967332123406,0.0714295691039877,0.02601011251309616,0.8148479427549195,0.7494780793319419
Boalemo,0.6182580522203164,0.3980607297780045,0.26950998185117964,0.044639988826035336,0.0037352525850681,0.4821109123434705,0.5240083507306896
Gorontalo,0.6357918810748999,0.36233733095177334,0.2994555353901996,0.04082687338501292,0.004555186079351342,0.539355992844365,0.4933890048712594
Pohuwato,0.6045359252906423,0.37968869609594275,0.24591651542649726,0.05485618508874323,0.0015032114061859427,0.5241502683363148,0.3987473903966596
Bone Bolango,0.6876310272536688,0.3207450880326614,0.35390199637023584,0.03455249269202758,0.00400856374982918,0.590339892665474,0.4523312456506617
Gorontalo Utara,0.5938631599008957,0.37330951773411575,0.26588021778584386,0.03235261839913003,0.0034619414203070197,0.4901610017889088,0.41614474599860807
Kota Gorontalo,0.8172288927005911,0.08956366420005103,0.3747731397459165,0.05317310666147875,0.13337584840340727,0.759391771019678,0.6715379262352122
Majene,0.6312178387650087,0.29114570043378407,0.36932849364791287,0.034419801861662325,0.00920147588028971,0.6744186046511629,0.4516353514265834
Polewali Mandar,0.5702306079664571,0.3426894615973462,0.2704174228675136,0.03455249269202758,0.010932446590443219,0.518783542039356,0.4996520528879611
Mamasa,0.611206403659234,0.30543505996427656,0.21597096188747728,0.02101503496852334,0.0025053523436432378,0.5554561717352416,0.5824634655532358
Mamuju,0.6498951781970652,0.12554223016075527,0.2404718693284936,0.05301746929653906,0.002642007926023778,0.5751341681574239,0.5727209464161447
Pasangkayu,0.6371259767486184,0.07603980607297779,0.09800362976406533,0.07584627817185957,0.0030975265339589124,0.5563506261180681,0.45302713987473897
Mamuju Tengah,0.6110158185629885,0.14008675682572083,0.14337568058076225,0.030530863089002623,0.002323144900469184,0.5384615384615385,0.42797494780793316
Kepulauan Tanimbar,0.5437392795883362,0.5468231691758101,0.37386569872958253,0.026845450101264056,0.0012299002414248622,0.7164579606440071,0.4384133611691027
Maluku Tenggara,0.6087287974080426,0.4845623883643786,0.5045372050816695,0.0340207316951503,0.005557327016808637,0.7084078711985689,0.4892136395267926
Maluku Tengah,0.703449590242043,0.3939780556264353,0.5789473684210525,0.025104506499855336,0.002323144900469184,0.7039355992844364,0.494780793319416
Buru,0.6615208690680391,0.3534064812452155,0.4119782214156079,0.021386170223379526,0.0012299002414248622,0.6350626118067978,0.44815588030619385
Kepulauan Aru,0.5627977892128836,0.5399336565450369,0.15517241379310343,0.04270050781678689,5.010704687286475e-4,0.652057245080501,0.4523312456506617
Seram Bagian Barat,0.6115875738517249,0.5123756060219443,0.39927404718693277,0.017176977642093923,0.001958730014121077,0.686046511627907,0.5066109951287411
Seram Bagian Timur,0.5706117781589479,0.4797142128093901,0.2831215970961887,0.02415771252980555,0.0010932446590443219,0.6332737030411449,0.3361169102296455
Maluku Barat Daya,0.5443110348770727,0.6562898698647613,0.20326678765880213,0.035762672971975294,7.743816334897281e-4,0.6449016100178891,0.40013917884481615
Buru Selatan,0.5868115113398134,0.3235519265118652,0.1116152450090744,0.02246765037462712,9.110372158702683e-4,0.5867620751341682,0.4439805149617261
Kota Ambon,0.881646655231561,0.07399846899719315,1,0.053753753753753755,0.06969434701407552,0.9230769230769231,0.643006263048017
Kota Tual,0.6462740613684009,0.453687165093136,0.7767695099818511,0.03594225454690571,0.01785632943105726,0.7826475849731664,0.5441892832289493
Halmahera Barat,0.5951972555746141,0.16636897167644804,0.3094373865698729,0.020491255374976307,0.0027331116476108047,0.5966010733452594,0.4745998608211553
Halmahera Tengah,0.6127310844291978,0.2163817300331717,0.30036297640653353,0.530068939371265,0.0011387965198378354,0.6511627906976744,0.4578983994432851
Kepulauan Sula,0.5658471507528111,0.14621076805307476,0.22232304900181482,0.030075923099178913,0.0014121076845989159,0.648479427549195,0.34098816979819063
Halmahera Selatan,0.5786163522012578,0.08675682572084714,0.17059891107078037,0.08213562399608912,0.0014121076845989159,0.5813953488372093,0.46207376478775286
Halmahera Utara,0.6380789022298458,0.0632814493493238,0.5517241379310345,0.03362265920405455,0.0026875597868172914,0.6037567084078712,0.5601948503827422
Halmahera Timur,0.6342672003049362,0.24700178616994128,0.3811252268602541,0.05462073369050113,5.921741903156744e-4,0.6225402504472273,0.5427974947807938
Pulau Morotai,0.5599390127692017,0.073488134728247,0.3711433756805807,0.02455678269631758,0.0014576595453924292,0.5196779964221825,0.5052192066805845
Pulau Taliabu,0.5069563560129599,0.12503189589180913,0.24863883847549903,0.033383217104147336,8.654853550767549e-4,0.5429338103756709,0.2331245650661101
Kota Ternate,0.8732609109967602,0.02322020923705027,0.571687840290381,0.06990711641874432,0.060128456247437706,0.9087656529516995,0.6242171189979129
Kota Tidore Kepulauan,0.6977320373546788,0.11048736922684357,0.3058076225045372,0.031124479961689263,0.0031430783947524257,0.7334525939177101,0.5998608211551844
Fakfak,0.6497045931008196,0.4753763715233477,0.601633393829401,0.06900322249159459,3.188630255545939e-4,0.6618962432915921,0.5337508698677799
Kaimana,0.5965313512483323,0.3107935697882112,0.29219600725952805,0.04551993854319436,9.110372158702682e-5,0.6305903398926656,0.36882393876130865
Teluk Wondama,0.49666476081570426,0.6695585608573614,0.24863883847549903,0.03982620494248401,3.188630255545939e-4,0.48837209302325585,0.11134307585247054
Teluk Bintuni,0.5803316180674671,0.6317938249553456,0.3139745916515426,0.5728293077130286,0.00013665558238054024,0.6037567084078712,0.2887961029923451
Manokwari,0.7152658662092625,0.41388109211533547,0.4800362976406533,0.05431344966228687,0.003279733977132966,0.6037567084078712,0.599164926931107
Manokwari Selatan,0.4983800266819136,0.6277111508037764,0.0852994555353902,0.025347939301427674,8.654853550767549e-4,0.46958855098389984,0.30340988169798244
Pegunungan Arfak,0.4274823708785973,0.7535085480990048,0,0.00782377061446829,5.010704687286475e-4,0.33989266547406083,0.2707028531663193
Maybrat,0.48656375071469415,0.6876754274049501,0.5362976406533575,0.004658146518611635,0.00013665558238054024,0.49373881932021474,0.14405010438413365
Raja Ampat,0.56336954450162,0.34702730288338857,0.6352087114337567,0.007922540480680015,5.921741903156744e-4,0.5796064400715564,0.22407794015309718
Sorong,0.60968172288927025,0.5991324317427915,0.5480943738656987,0.007445651631698144,6.377260511091878e-4,0.6100178890876565,0.4300626304801671
Sorong Selatan,0.5374499714122356,0.3980607297780045,0.5825771324863883,0.006093801442638652,5.466223295221609e-4,0.5223613595706619,0.2317327766179545
Tambrauw,0.3815513626834382,0.7055371268180657,0.571687840290381,0.004992367783065457,4.555186079351341e-5,0.3550983899821109,0.13848295059151025
Kota Sorong,0.8315227749190015,0.2919112018372033,0.6234119782214156,0.013516506539762354,6.832779119027012e-4,0.8631484794275492,0.6464857341684065
Jayapura,0.7206022489041357,0.2390916050012758,0.7749546279491832,0.11680384703640517,4.5551860793513417e-4,0.7737030411449016,0.4578983994432851
Kepulauan Yapen,0.6356012959786547,0.5986220974738453,0.5862068965517241,0.04355751099937146,0.0021409374572951305,0.6967799642218248,0.4836464857341682
Biak Numfor,0.7181246426529447,0.5417198264863485,0.6007259528130671,0.04554388275318508,0.0027786635084043184,0.7719141323792488,0.4885177453027143
Sarmi,0.5797598627787307,0.3016075529471804,0.38566243194192373,0.08773158540600401,4.555186079351341e-5,0.6878354203935599,0.418232428670842
Keerom,0.6171145416428437,0.34728247001786167,0.3402903811252268,0.05541787634810891,2.2775930396756709e-4,0.5957066189624329,0.4210160055671542
Waropen,0.5835715647036402,0.7047716254146466,0.5317604355716878,0.06747478375385352,4.555186079351341e-5,0.670840787119857,0.40501043841336126
Supiori,0.5498380026681915,0.9055881602449604,0.6533575317604355,0.04985783125318009,0.0015943151277729695,0.652057245080501,0.39805149617258223
Kota Jayapura,0.8646845816657138,0.21663689716764478,0.6860254083484573,0.09380942404198218,0.02282148225755022,0.907871198568873,0.5629784272790535
Asmat,0.33581093958452457,0.5682572084715488,0.17513611615245003,0.014544112218530823,1.2891176604564296e-4,0.34883720930232565,0.2887961029923451
Boven Digoel,0.5328759291023444,0.43403929573870875,0.28493647912885656,0.04885716281065118,4.464082357764315e-5,0.670840787119857,0.36673625608907473
Mappi,0.480465027634839,0.5988772646083184,0.3611615245009073,0.017287719613301007,1.2845624743770785e-4,0.46869409660107336,0.16979819067501775
Merauke,0.6943015056222605,0.2031130390405715,0.4491833030852994,0.04881925114483254,1.535097708741402e-4,0.6663685152057245,0.5226165622825331
Deiyai,0.30055269677911195,0.9385047205919876,0.13974591651542648,9.378148913032635e-5,0.0016430556188220288,0.1225402504472272,0.1920668058455114
Dogiyai,0.4074709357728226,0.709364633835162,0.2858439201451905,1.316931549489689e-4,0.001437161208035348,0.2737030411449017,0.18719554627696627
Intan Jaya,0.27463312368972753,1,0.2068965517241379,0,0.0011547396711155651,0.12164579606440071,0.1976339596381348
Mimika,0.7728225652753954,0.3049247256953304,0.5970961887477313,0.08976185487813394,7.342959959914363e-4,0.7871198568872988,0.6374391092553936
Nabire,0.6760053363826949,0.5554988517478948,0.3611615245009073,0.007606277373719234,5.917186717077393e-4,0.7602862254025045,0.42867084203201145
Paniai,0.4267200304936154,0.8890022965042103,0.16333938294010886,0.0025221234523560105,0.0019719400537511955,0.2584973166368515,0.39944328462073786
Puncak,0.17724413950829054,0.8997193161520797,0.22958257713248634,7.68210070535652e-5,6.445588302282148e-4,0.042039355992844384,0.2032011134307582
Puncak Jaya,0.29502572898799323,0.8601684103087521,0.028130671506352085,2.3944209990721618e-4,0.001715483077483715,0.22361359570661896,0.2790535838552539
Jayawijaya,0.47131694301505633,0.7667772390916049,0.1116152450090744,0.03981423283748865,0.004779301234455428,0.3640429338103757,0.42310368823938804
Lanny Jaya,0.2914046121593293,0.8137279918346515,0.11615245009074407,0.011109115760278551,0.003968933630938824,0.1708407871198569,0.2359081419624223
Mamberamo Tengah,0.27482370878597295,0.8430722122990559,0.0998185117967332,0.028090549020781577,5.047146175921287e-4,0.15921288014311272,0.35421016005567135
Nduga,0,0.868844092880837,0.10617059891107077,0.013525485618508875,7.857695986881064e-4,0,0
Pegunungan Bintang,0.24890413569658856,0.6818065833120693,0.1116152450090744,0.02944539223608991,1.8494055482166444e-4,0.14221824686940965,0.15309672929714657
Tolikara,0.30017152658662094,0.7397295228374584,0.09891107078039925,0.00799138008440334,0.003662369607798479,0.15831842576028624,0.23103688239387618
Yalimo,0.29635982466171157,0.7091094667006889,0.10798548094373864,0.01491824049963585,0.0014763358083177695,0.14579606440071555,0.15448851774530314
Yahukimo,0.2988374309129026,0.8060729778004592,0.11796733212341194,0.007640198337872757,9.452011114654033e-4,0.2173524150268336,0.18162839248434287
