"Nama Wilayah","Provinsi","IPM","Penduduk Miskin","tingkat pengangguran","pdrb","Kepadatan Penduduk (orang/km2)","RLS","AHH"
"Simeulue","ACEH","69.01","17.69","5.5","31944","54.14","9.89","69.69"
"Aceh Singkil","ACEH","70.75","19.06","6.44","25361","73.23","8.72","69.96"
"Aceh Selatan","ACEH","69.1","12.02","4.56","30853","57.96","8.92","70.49"
"Aceh Tenggara","ACEH","71.7","11.99","4.79","28742","56.1","10.1","72.75"
"Aceh Timur","ACEH","69.87","13.26","7.75","33666","81.66","8.48","72.24"
"Aceh Tengah","ACEH","75.41","14.27","4.21","47284","50.15","10.03","73.04"
"Aceh Barat","ACEH","73.69","17.6","5.58","67938","73.39","9.99","72.03"
"Aceh Besar","ACEH","75.13","13.21","7.93","42993","148.55","10.37","73.24"
"Pidie","ACEH","72.31","18.59","5.74","32150","144.4","9.04","69.99"
"Bireuen","ACEH","74.45","12.1","3.93","40039","256","9.59","73.82"
"Aceh Utara","ACEH","71.7","16.11","6.88","47628","233.11","9.11","72.75"
"Aceh Barat Daya","ACEH","68.75","15.32","3.83","33721","84.57","8.78","70.63"
"Gayo Lues","ACEH","69.83","18.3","2.4","33552","19.27","8.44","69.92"
"Aceh Tamiang","ACEH","72.32","12.17","6.95","37412","141.48","9.3","73.79"
"Nagan Raya","ACEH","71.72","16.94","5.22","70463","51.64","9.25","72.67"
"Aceh Jaya","ACEH","71.83","12.25","2.75","36357","25.48","9.02","70.89"
"Bener Meriah","ACEH","75.01","18.18","2.2","37903","89.1","10.13","73"
"Pidie Jaya","ACEH","75.16","18.28","3.82","28383","174.65","9.59","73.31"
"Kota Banda Aceh","ACEH","87.17","6.95","7.55","98201","4745.19","13.1","75.25"
"Kota Sabang","ACEH","78.32","14.58","2.95","42813","356.19","11.22","73.52"
"Kota Langsa","ACEH","78.81","10.33","7.34","37006","911.31","11.28","74.11"
"Kota Lhokseumawe","ACEH","79.55","10.44","8.47","59122","1468.26","11.31","74.93"
"Kota Subulussalam","ACEH","68.04","16.38","5.12","27880","83.7","8.43","69.8"
"Nias","SUMATERA UTARA","65.55","14.89","2.08","34085","172","6.4","71.89"
"Mandailing Natal","SUMATERA UTARA","69.33","8.69","7.18","40129","77","9.11","71.88"
"Tapanuli Selatan","SUMATERA UTARA","72.14","6.92","3.35","67227","75","9.56","71.77"
"Tapanuli Tengah","SUMATERA UTARA","71.52","11.8","7.21","34619","171","8.92","71.96"
"Tapanuli Utara","SUMATERA UTARA","75.23","8.21","-","34494","84","10.31","74.36"
"Toba Samosir / Toba","SUMATERA UTARA","76.91","8.07","1","47455","95","10.77","74.54"
"Labuhan Batu","SUMATERA UTARA","74.18","7.84","5.53","97593","188","9.5","73.13"
"Asahan","SUMATERA UTARA","72.09","8.12","5.46","70611","218","8.85","73.65"
"Simalungun","SUMATERA UTARA","74.97","7.72","4.48","56003","229","9.73","74.3"
"Dairi","SUMATERA UTARA","73.92","7.1","1.21","38398","159","9.89","74.38"
"Karo","SUMATERA UTARA","76.55","7.37","1.93","67690","193","10.12","74.39"
"Deli Serdang","SUMATERA UTARA","76.92","3.44","7.69","73934","794","10.29","73.81"
"Langkat","SUMATERA UTARA","72.73","9.04","5.85","57859","176","8.74","74.39"
"Nias Selatan","SUMATERA UTARA","65.02","16.32","2.98","23409","154","6.52","71.77"
"Humbang Hasundutan","SUMATERA UTARA","71.59","8.44","-","39949","88","10.13","74.27"
"Pakpak Bharat","SUMATERA UTARA","70.36","6.87","0.91","30576","41","9.73","72.95"
"Samosir","SUMATERA UTARA","72.88","11.63","0.87","42639","77","9.61","74.35"
"Serdang Bedagai","SUMATERA UTARA","72.47","6.97","4.31","60743","355","9.12","73.39"
"Batu Bara","SUMATERA UTARA","70.83","10.94","5.44","108189","492","8.51","72.97"
"Padang Lawas Utara","SUMATERA UTARA","72.32","8.97","3.73","63548","71","9.82","71.74"
"Padang Lawas","SUMATERA UTARA","71.27","7.87","5.03","65288","72","9.63","71.67"
"Labuhan Batu Selatan","SUMATERA UTARA","73.67","7.73","3.19","124517","109","9.19","72.71"
"Labuhan Batu Utara","SUMATERA UTARA","74.4","8.98","4.21","89497","111","9.14","74.23"
"Nias Utara","SUMATERA UTARA","65.62","21.5","2.4","30190","128","7.05","72.3"
"Nias Barat","SUMATERA UTARA","64.67","22.68","0.97","26031","209","7.26","72.55"
"Kota Sibolga","SUMATERA UTARA","75.66","11.39","6.44","78494","7998","10.45","74.19"
"Kota Tanjung Balai","SUMATERA UTARA","71.1","11.97","3.81","65758","3090","9.69","74.18"
"Kota Pematang Siantar","SUMATERA UTARA","81.17","7.2","7.74","62629","3649","11.82","75.03"
"Kota Tebing Tinggi","SUMATERA UTARA","77.45","8.79","5.99","43514","4620","10.87","74.29"
"Kota Medan","SUMATERA UTARA","82.76","7.94","7.99","132571","8902","11.79","75.09"
"Kota Binjai","SUMATERA UTARA","78.1","4.75","5.37","50750","3276","11.2","74.45"
"Kota Padangsidimpuan","SUMATERA UTARA","76.96","6.23","7","35727","1507","11.13","73.73"
"Kota Gunungsitoli","SUMATERA UTARA","71.41","14.72","3.29","50415","696","8.76","74.23"
"Kepulauan Mentawai","SUMATERA BARAT","63.99","13.89","1.44","67574","15","8.03","71.21"
"Pesisir Selatan","SUMATERA BARAT","72.02","7.49","5.06","35865","93","8.81","73.44"
"Solok","SUMATERA BARAT","71.02","7.31","4.91","44727","110","7.91","72.52"
"Sijunjung","SUMATERA BARAT","70.23","5.78","4.73","50993","79","8.62","72.89"
"Tanah Datar","SUMATERA BARAT","74.9","4.28","5.3","45268","291","9.29","74.26"
"Padang Pariaman","SUMATERA BARAT","73.1","6.27","6.59","58687","345","8.42","73.88"
"Agam","SUMATERA BARAT","74.66","6.83","4.73","49994","310","9.23","74.39"
"Lima Puluh Kota","SUMATERA BARAT","71.14","6.92","3.68","52107","112","8.13","73.42"
"Pasaman","SUMATERA BARAT","68.89","6.74","5.25","38136","81","8.14","72.36"
"Solok Selatan","SUMATERA BARAT","71.5","6.56","2.3","39130","58","8.85","72.5"
"Dharmasraya","SUMATERA BARAT","74.06","5.32","6.02","58908","82","8.98","74.25"
"Pasaman Barat","SUMATERA BARAT","70.93","7","6.34","46114","117","8.99","72.75"
"Kota Padang","SUMATERA BARAT","83.99","4.06","9.88","88030","1376","11.63","75.2"
"Kota Solok","SUMATERA BARAT","80","3.07","4.91","70365","1115","11.37","74.85"
"Kota Sawah Lunto","SUMATERA BARAT","75.13","2.33","5.55","74768","296","10.53","74.12"
"Kota Padang Panjang","SUMATERA BARAT","80.17","5.31","4.94","81129","2585","12","74.48"
"Kota Bukittinggi","SUMATERA BARAT","82.51","4.08","4.72","94538","4953","11.65","75.62"
"Kota Payakumbuh","SUMATERA BARAT","80.61","5.19","4.87","63820","1722","10.89","75.08"
"Kota Pariaman","SUMATERA BARAT","78.88","4.26","5.32","69308","1487","11.06","74.37"
"Kuantan Singingi","RIAU","72.33","7.89","2.84","148878","64","9.14","72.96"
"Indragiri Hulu","RIAU","71.48","6.02","2.59","129125","60","8.43","73.63"
"Indragiri Hilir","RIAU","68.38","5.66","3","138693","51","7.32","72.39"
"Pelalawan","RIAU","74.08","8.49","2.42","187221","31","8.96","74.63"
"Siak","RIAU","75.45","5.08","5.3","250381","62","9.92","73.98"
"Kampar","RIAU","74.85","6.92","4.57","130105","86","9.58","74.61"
"Rokan Hulu","RIAU","71.82","9.62","3.17","95447","78","8.94","73.67"
"Bengkalis","RIAU","75.28","6.36","5.32","296914","69","9.74","74.21"
"Rokan Hilir","RIAU","71.2","7.01","4.41","152221","74","8.53","73.87"
"Kepulauan Meranti","RIAU","67.92","23.15","5.43","128527","59","8.12","72.25"
"Kota Pekanbaru","RIAU","82.89","3.15","5.24","166856","1608","11.96","75.89"
"Kota Dumai","RIAU","76.19","3.14","4.51","158148","162","10.29","73.5"
"Kerinci","JAMBI","73.11","6.93","2.51","57303","75","8.6","73.39"
"Merangin","JAMBI","71.66","8.4","4.18","68413","50","8.4","74.13"
"Sarolangun","JAMBI","72.01","8.36","5.03","74686","52","8.35","73.65"
"Batang Hari","JAMBI","71.67","8.63","4.49","83038","59","8.35","74.74"
"Muaro Jambi","JAMBI","71.91","3.65","5.27","95236","81","8.7","74.75"
"Tanjung Jabung Timur","JAMBI","67.54","10.14","2.06","117591","53","7.7","74.37"
"Tanjung Jabung Barat","JAMBI","69.93","9.54","3.2","167518","60","8.32","73.41"
"Tebo","JAMBI","71.32","6.12","2.5","64162","58","8.04","73.62"
"Bungo","JAMBI","71.92","5.06","4.67","71624","80","8.6","74.02"
"Kota Jambi","JAMBI","81.04","7.73","7.38","69033","3738","11.51","75.12"
"Kota Sungai Penuh","JAMBI","77.4","2.92","4.3","102060","276","10.48","74.29"
"Ogan Komering Ulu","SUMATERA SELATAN","71.55","10.68","3.85","53428","101","8.86","73.59"
"Ogan Komering Ilir","SUMATERA SELATAN","69.33","12.08","3.12","57799","47","7.19","74.23"
"Muara Enim","SUMATERA SELATAN","71","9.79","4.13","182108","95","8.27","74.49"
"Lahat","SUMATERA SELATAN","69.77","14.14","2.84","66582","104","8.69","73.58"
"Musi Rawas","SUMATERA SELATAN","68.95","13.44","1.74","61857","67","7.57","74.16"
"Musi Banyuasin","SUMATERA SELATAN","70.12","12.88","2.04","142138","45","7.95","74.42"
"Banyu Asin","SUMATERA SELATAN","69.51","9.31","2.68","44734","72","7.48","74.47"
"Ogan Komering Ulu Selatan","SUMATERA SELATAN","67.65","9.86","1.92","27724","126","8.25","73.44"
"Ogan Komering Ulu Timur","SUMATERA SELATAN","71.55","9.75","3.1","31504","154","8.08","74.51"
"Ogan Ilir","SUMATERA SELATAN","69.4","12.3","2.93","35023","189","8.09","73.43"
"Empat Lawang","SUMATERA SELATAN","67.25","10.78","2.68","19448","155","7.68","70.93"
"Penukal Abab Lematang Ilir","SUMATERA SELATAN","67.48","9.82","3.69","45701","111","7.27","74.02"
"Musi Rawas Utara","SUMATERA SELATAN","67.4","17.38","4.78","48869","33","7.51","73.17"
"Kota Palembang","SUMATERA SELATAN","80.57","9.77","6.81","121154","4875","10.93","75.77"
"Kota Prabumulih","SUMATERA SELATAN","77.08","10.13","4.72","51808","455","10.36","74.87"
"Kota Pagar Alam","SUMATERA SELATAN","71.19","8.18","2.19","25543","238","9.44","73.88"
"Kota Lubuklinggau","SUMATERA SELATAN","76.82","11.14","5.01","35432","669","9.94","74.97"
"Bengkulu Selatan","BENGKULU","72.35","17.1","2.86","45375","142","9.42","73.05"
"Rejang Lebong","BENGKULU","72.92","14.65","2.91","45238","186","8.81","73.87"
"Bengkulu Utara","BENGKULU","71.11","10.96","3.75","41214","69","8.32","73.23"
"Kaur","BENGKULU","68.98","17.12","3.88","37416","51","8.47","72.97"
"Seluma","BENGKULU","68.97","17.23","2.07","29171","89","8.14","72.9"
"Mukomuko","BENGKULU","70.63","10.76","3.33","37513","49","8.57","73.95"
"Lebong","BENGKULU","69.27","10.45","2.16","40991","67","8.41","72.81"
"Kepahiang","BENGKULU","70.27","12.9","2.49","40072","209","8.37","72.41"
"Bengkulu Tengah","BENGKULU","69.84","10.14","3.4","55284","108","7.71","72.56"
"Kota Bengkulu","BENGKULU","82.04","13.76","3.41","83430","2643","11.84","74.69"
"Lampung Barat","LAMPUNG","69.84","10.68","2.11","31347","150","8.56","73.96"
"Tanggamus","LAMPUNG","68.52","10.28","3.44","31621","227","7.38","74.08"
"Lampung Selatan","LAMPUNG","70.28","12.57","4.67","53891","503","7.78","74.46"
"Lampung Timur","LAMPUNG","71.84","13.19","3.18","49275","299","8.2","74.19"
"Lampung Tengah","LAMPUNG","72.37","10.37","3.27","63663","334","7.97","74.38"
"Lampung Utara","LAMPUNG","69.62","16.92","5.78","48212","247","8.38","74.12"
"Way Kanan","LAMPUNG","69.31","10.43","3.51","38655","141","7.75","74.31"
"Tulangbawang","LAMPUNG","70.66","7.88","3.19","67726","145","7.65","74.02"
"Pesawaran","LAMPUNG","68.52","11.86","4.17","43308","388","8","74"
"Pringsewu","LAMPUNG","72.29","8.32","4.65","35552","688","8.53","74.56"
"Mesuji","LAMPUNG","66.46","6.31","2.68","58582","110","7.21","73.9"
"Tulang Bawang Barat","LAMPUNG","68.46","7.22","3.71","52209","238","7.8","74.23"
"Pesisir Barat","LAMPUNG","66.73","12.64","3.27","35637","59","8.73","73.93"
"Kota Bandar Lampung","LAMPUNG","79.19","7.37","7.53","65744","6609","10.99","74.79"
"Kota Metro","LAMPUNG","78.93","6.78","3.54","48264","2400","11.01","75.43"
"Bangka","KEP. BANGKA BELITUNG","73.98","4.24","4.91","58572","113","8.45","73.24"
"Belitung","KEP. BANGKA BELITUNG","74.47","6.11","3.88","73795","84","9.05","72.76"
"Bangka Barat","KEP. BANGKA BELITUNG","70.67","2.59","4.88","91214","60","7.48","72.08"
"Bangka Tengah","KEP. BANGKA BELITUNG","71.9","5.94","4.23","56083","93","7.24","73.77"
"Bangka Selatan","KEP. BANGKA BELITUNG","68.86","3.74","4.94","57693","73","6.93","71.74"
"Belitung Timur","KEP. BANGKA BELITUNG","73.19","6.36","2.63","82598","51","8.99","73.79"
"Kota Pangkal Pinang","KEP. BANGKA BELITUNG","80.4","4.04","5.98","82198","2204","10.67","75.26"
"Karimun","KEPULAUAN RIAU","74.28","5.78","5.52","69608","283","8.91","74.79"
"Bintan","KEPULAUAN RIAU","76.18","5.44","4.53","180544","128","9.15","74.89"
"Natuna","KEPULAUAN RIAU","74.56","5.04","3.89","264903","43","9.2","74.38"
"Lingga","KEPULAUAN RIAU","68.19","9.99","3.38","54936","46","7.6","73.76"
"Kepulauan Anambas","KEPULAUAN RIAU","70.93","6.67","2.38","362072","79","7.53","73.77"
"Kota Batam","KEPULAUAN RIAU","82.86","4.85","7.68","182507","1234","11.21","75.19"
"Kota Tanjung Pinang","KEPULAUAN RIAU","80.63","6.86","4.69","105384","1579","10.67","74.91"
"Kepulauan Seribu","DKI JAKARTA","74.17","13.03","7.93","281243","2686","9.27","75.03"
"Kota Jakarta Selatan","DKI JAKARTA","86.94","3.03","5.22","381118","15390","11.95","76.23"
"Kota Jakarta Timur","DKI JAKARTA","84.65","4.09","6.95","204503","16633","11.99","75.59"
"Kota Jakarta Pusat","DKI JAKARTA","83.01","4.63","6.24","882895","21955","11.61","76.57"
"Kota Jakarta Barat","DKI JAKARTA","83.64","3.94","6.18","253093","19837","11.24","75.98"
"Kota Jakarta Utara","DKI JAKARTA","81.39","6.44","6.18","368953","12333","10.85","75.17"
"Bogor","JAWA BARAT","72.39","7.05","7.34","54859","1899","8.39","74.9"
"Sukabumi","JAWA BARAT","68.97","6.87","7.11","31167","679","7.34","74.85"
"Cianjur","JAWA BARAT","67.24","10.14","5.99","24914","712","7.33","74.8"
"Bandung","JAWA BARAT","74.27","6.19","6.36","44126","2156","9.15","75.23"
"Garut","JAWA BARAT","68.79","9.68","6.96","29012","876","7.85","74.87"
"Tasikmalaya","JAWA BARAT","68.36","10.23","3.74","25916","710","7.97","74.06"
"Ciamis","JAWA BARAT","72.56","7.39","3.37","34336","789","8.1","75.26"
"Kuningan","JAWA BARAT","71.26","11.88","7.78","29273","1018","7.9","75.22"
"Cirebon","JAWA BARAT","71.44","11","6.74","28140","2228","7.65","74.98"
"Majalengka","JAWA BARAT","69.74","10.82","4.01","34234","1017","7.53","74.98"
"Sumedang","JAWA BARAT","73.73","9.1","6.16","39699","758","8.74","75.29"
"Indramayu","JAWA BARAT","69.83","11.93","6.25","55166","922","6.95","74.82"
"Subang","JAWA BARAT","71.36","9.49","6.73","33037","768","7.46","75.08"
"Purwakarta","JAWA BARAT","72.65","8.41","7.34","84024","1058","8.14","74.92"
"Karawang","JAWA BARAT","72.9","7.86","8.04","121298","1335","8.05","75.16"
"Bekasi","JAWA BARAT","76.44","4.8","8.82","128693","2617","9.76","75.33"
"Bandung Barat","JAWA BARAT","70.03","10.49","6.7","32500","1468","8.24","75.06"
"Pangandaran","JAWA BARAT","69.85","8.75","1.58","35647","385","8.1","75.11"
"Kota Bogor","JAWA BARAT","78.52","6.53","8.13","56616","9683","10.71","75.8"
"Kota Sukabumi","JAWA BARAT","76.85","7.2","8.34","44760","7571","10.38","75.11"
"Kota Bandung","JAWA BARAT","83.52","3.87","7.4","147081","15176","11.07","75.83"
"Kota Cirebon","JAWA BARAT","77.08","9.02","6.29","88560","8744","10.53","75.48"
"Kota Bekasi","JAWA BARAT","83.54","4.01","7.82","48922","12411","11.79","76.14"
"Kota Depok","JAWA BARAT","82.91","2.34","6.27","43515","10823","11.59","75.82"
"Kota Cimahi","JAWA BARAT","80.08","4.39","8.97","72528","14110","11.52","75.55"
"Kota Tasikmalaya","JAWA BARAT","75.04","11.1","6.49","39445","4081","9.63","75.31"
"Kota Banjar","JAWA BARAT","73.64","5.85","5.44","26451","1601","8.83","74.99"
"Cilacap","JAWA TENGAH","72.38","10.68","7.83","67203","901","7.4","74.97"
"Banyumas","JAWA TENGAH","74.52","11.95","6.18","40236","1391","7.91","74.34"
"Purbalingga","JAWA TENGAH","70.69","14.18","4.96","32232","1334","7.36","74.19"
"Banjarnegara","JAWA TENGAH","69.6","14.71","5.57","27685","993","6.87","74.7"
"Kebumen","JAWA TENGAH","71.93","15.71","5.07","27304","1060","7.87","75.22"
"Purworejo","JAWA TENGAH","75.11","10.87","3.89","31224","768","8.65","75.64"
"Wonosobo","JAWA TENGAH","69.82","15.28","4.02","27206","935","6.9","74.25"
"Magelang","JAWA TENGAH","71.99","10.83","3.55","32600","1236","7.83","74.68"
"Boyolali","JAWA TENGAH","75.96","9.63","3.16","41699","1017","8.17","76.44"
"Klaten","JAWA TENGAH","78.16","12.04","3.97","42732","1846","9.29","77.31"
"Sukoharjo","JAWA TENGAH","79.3","7.47","3.65","53022","2018","10.01","78.01"
"Wonogiri","JAWA TENGAH","72.55","10.71","2.4","37816","588","7.68","76.82"
"Karanganyar","JAWA TENGAH","78.11","9.59","3.47","53148","1253","9.26","77.91"
"Sragen","JAWA TENGAH","75.53","12.41","3.53","52175","1010","7.88","76.18"
"Grobogan","JAWA TENGAH","72.02","11.43","3.23","24908","762","7.29","75.25"
"Blora","JAWA TENGAH","71.39","11.42","3.67","36598","464","7.26","74.92"
"Rembang","JAWA TENGAH","72.53","14.02","2.84","38792","641","7.73","74.98"
"Pati","JAWA TENGAH","74.1","9.17","3.87","43092","871","7.82","76.56"
"Kudus","JAWA TENGAH","77.22","7.23","3.19","145620","2077","9.35","77.07"
"Jepara","JAWA TENGAH","74.32","6.09","3.34","32894","1228","8.27","76.21"
"Demak","JAWA TENGAH","74.57","11.89","4.75","28313","1396","8.28","75.79"
"Semarang","JAWA TENGAH","75.67","6.96","3.73","60274","1147","8.16","76.15"
"Temanggung","JAWA TENGAH","71.87","8.67","2.35","35500","936","7.53","75.94"
"Kendal","JAWA TENGAH","74.34","9.35","5.01","55273","1062","7.74","74.73"
"Batang","JAWA TENGAH","70.74","8.73","5.67","36295","978","7.08","75.01"
"Pekalongan","JAWA TENGAH","71.84","8.95","3.3","29786","1219","7.48","74.25"
"Pemalang","JAWA TENGAH","68.55","14.92","6.63","22652","1382","6.56","74.23"
"Tegal","JAWA TENGAH","70.77","6.81","7.53","28556","1702","7.36","74.25"
"Brebes","JAWA TENGAH","68.46","15.6","8.35","30040","1167","6.41","74.18"
"Kota Magelang","JAWA TENGAH","82.15","5.94","4.4","96594","6600","11.43","77.54"
"Kota Surakarta","JAWA TENGAH","84.4","8.31","4.61","122512","11283","11.25","77.91"
"Kota Salatiga","JAWA TENGAH","85.72","4.57","3.86","89833","3661","11.48","78.27"
"Kota Semarang","JAWA TENGAH","85.25","4.03","5.82","156607","4572","11.05","78.23"
"Kota Pekalongan","JAWA TENGAH","77.22","6.71","4.91","45988","7096","9.34","74.79"
"Kota Tegal","JAWA TENGAH","77.43","7.64","5.88","72289","7200","9.28","75.01"
"Kulon Progo","D I YOGYAKARTA","76.14","15.62","2.14","37976","760","9.2","75.49"
"Bantul","D I YOGYAKARTA","81.74","11.66","3.57","35842","2008","9.81","74.8"
"Gunung Kidul","D I YOGYAKARTA","71.89","15.18","2.15","35503","506","7.35","74.91"
"Sleman","D I YOGYAKARTA","85.61","7.46","4.07","54501","2033","11.33","75.48"
"Kota Yogyakarta","D I YOGYAKARTA","88.77","6.26","5.72","131433","11562","12.12","75.73"
"Pacitan","JAWA TIMUR","70.74","13.08","1.56","35096","411","7.9","74.74"
"Ponorogo","JAWA TIMUR","73.01","9.11","4.19","28088","679","7.8","75.28"
"Trenggalek","JAWA TIMUR","72.24","10.5","3.9","32726","596","7.92","75.35"
"Tulungagung","JAWA TIMUR","75.09","6.28","4.12","46009","973","8.68","75.2"
"Blitar","JAWA TIMUR","73.09","8.16","4.77","37811","724","7.87","75.32"
"Kediri","JAWA TIMUR","74.44","9.95","5.1","32339","1109","8.26","75.07"
"Malang","JAWA TIMUR","72.68","8.98","5.13","50593","788","7.8","75.34"
"Lumajang","JAWA TIMUR","68.8","8.65","3.28","37579","638","7.27","74.57"
"Jember","JAWA TIMUR","69.15","9.01","3.23","39464","786","6.54","74.17"
"Banyuwangi","JAWA TIMUR","73.11","6.54","4.03","62086","488","7.78","74.13"
"Bondowoso","JAWA TIMUR","68.65","12.6","3.63","33501","510","6.53","73.31"
"Situbondo","JAWA TIMUR","69.75","11.51","3.15","38677","424","6.93","73.36"
"Probolinggo","JAWA TIMUR","68.29","16.45","3","38537","687","6.31","73.93"
"Pasuruan","JAWA TIMUR","70.73","8.63","5.02","121689","1110","7.46","74.61"
"Sidoarjo","JAWA TIMUR","82.31","4.53","6.49","136721","2999","10.91","75.63"
"Mojokerto","JAWA TIMUR","75.98","9.37","3.87","98011","1172","9.13","74.95"
"Jombang","JAWA TIMUR","75.1","8.6","3.75","39553","1228","8.78","74.64"
"Nganjuk","JAWA TIMUR","74.23","10.17","3.87","32047","878","8.25","74.64"
"Madiun","JAWA TIMUR","73.74","10.63","4.34","33712","681","8.2","74.79"
"Magetan","JAWA TIMUR","75.87","9.32","3.28","35853","970","8.69","75.42"
"Ngawi","JAWA TIMUR","73.09","13.81","2.4","29347","633","7.84","75.21"
"Bojonegoro","JAWA TIMUR","71.78","11.69","4.42","76808","573","7.59","74.91"
"Tuban","JAWA TIMUR","71.23","14.36","4.28","71099","621","7.53","74.95"
"Lamongan","JAWA TIMUR","75.13","12.16","4.34","37788","786","8.48","75.07"
"Gresik","JAWA TIMUR","78.45","10.32","6.45","138271","1086","10.03","74.48"
"Bangkalan","JAWA TIMUR","66.27","18.66","5.35","26066","847","6.01","73.43"
"Sampang","JAWA TIMUR","64.65","20.83","2.5","24484","827","5.08","73.66"
"Pamekasan","JAWA TIMUR","68.49","13.41","1.64","25424","1113","7.17","73.66"
"Sumenep","JAWA TIMUR","69.26","17.78","1.69","39215","553","6.1","73.86"
"Kota Kediri","JAWA TIMUR","81.35","6.51","3.91","565841","4436","10.92","75.94"
"Kota Blitar","JAWA TIMUR","81.27","6.75","5.11","59326","4664","10.82","75.2"
"Kota Malang","JAWA TIMUR","84.06","3.91","6.1","114722","7857","11.14","75.54"
"Kota Probolinggo","JAWA TIMUR","76.27","6.18","4.44","61614","4564","9.72","74.31"
"Kota Pasuruan","JAWA TIMUR","77.75","6.32","4.63","51087","5626","9.94","74.86"
"Kota Mojokerto","JAWA TIMUR","80.92","5.57","3.76","62684","6796","11.38","75.99"
"Kota Madiun","JAWA TIMUR","83.48","4.38","4.3","92449","5585","12.11","75.67"
"Kota Surabaya","JAWA TIMUR","84.14","3.96","4.91","264372","8698","10.89","76.02"
"Kota Batu","JAWA TIMUR","78.79","3.06","3.63","99487","1147","9.87","75.36"
"Pandeglang","BANTEN","66.99","9.18","8.09","27078","478","7.16","74.22"
"Lebak","BANTEN","65.86","8.44","6.23","25967","438","6.61","73.99"
"Tangerang","BANTEN","74.09","6.55","6.06","54729","3309","9.06","75.34"
"Serang","BANTEN","69.03","4.51","9.18","60007","1158","7.88","74.91"
"Kota Tangerang","BANTEN","80.02","5.43","5.92","114458","11012","11.14","75.5"
"Kota Cilegon","BANTEN","75.14","3.75","6.08","302862","2804","10.39","75.03"
"Kota Serang","BANTEN","73.99","5.65","7.12","58498","2765","8.93","75.31"
"Kota Tangerang Selatan","BANTEN","82.89","2.36","5.09","80182","8489","11.86","75.8"
"Jembrana","BALI","74.6","4.51","1.64","51730","383","8.7","75.07"
"Tabanan","BALI","78.42","4.4","1.58","59122","551","9.57","75.67"
"Badung","BALI","83.87","2.23","1.57","132087","1426","11.14","75.9"
"Gianyar","BALI","79.82","4","1.55","62692","1447","9.84","75.72"
"Klungkung","BALI","74.04","5.3","1.15","52627","667","8.74","74.9"
"Bangli","BALI","71.34","5.06","0.73","32274","498","7.58","74.23"
"Karang Asem","BALI","69.74","6.52","1.8","40232","599","6.98","74.17"
"Buleleng","BALI","74.52","5.39","1.51","50795.67","616","7.69","74.71"
"Kota Denpasar","BALI","85.22","2.59","1.41","86425.33","6003","11.53","75.8"
"Lombok Barat","NUSA TENGGARA BARAT","70.67","12.65","2.75","25044","829","6.88","72.64"
"Lombok Tengah","NUSA TENGGARA BARAT","69.17","12.07","2.55","20368","949","6.73","71.59"
"Lombok Timur","NUSA TENGGARA BARAT","69.23","14.51","2.53","18588","880","7.36","71.95"
"Sumbawa","NUSA TENGGARA BARAT","70.55","12.87","2.67","34509","81","8.59","72.67"
"Dompu","NUSA TENGGARA BARAT","70.78","11.59","2.7","36120","110","9.04","71.76"
"Bima","NUSA TENGGARA BARAT","68.94","13.88","2.19","27153","129","8.3","71.88"
"Sumbawa Barat","NUSA TENGGARA BARAT","73.86","12.23","3.1","235091","89","8.99","72.97"
"Lombok Utara","NUSA TENGGARA BARAT","67.24","23.96","1.85","22874","322","6.4","71.52"
"Kota Mataram","NUSA TENGGARA BARAT","80.6","8","4.85","54382","7365","9.58","74.83"
"Kota Bima","NUSA TENGGARA BARAT","78.04","8.12","3.27","32479","787","10.96","73.15"
"Sumba Barat","NUSA TENGGARA TIMUR","66.06","26.52","3.21","19400","205","7.17","71.37"
"Sumba Timur","NUSA TENGGARA TIMUR","67.68","27.04","3.46","30114","37","7.77","71.57"
"Kupang","NUSA TENGGARA TIMUR","66.57","21.37","3.36","26499","74","7.62","69.53"
"Timor Tengah Selatan","NUSA TENGGARA TIMUR","64.36","24.68","2.63","21219","122","7.21","71.22"
"Timor Tengah Utara","NUSA TENGGARA TIMUR","65.83","20.89","1.82","18738","105","8.17","71.02"
"Belu","NUSA TENGGARA TIMUR","64.43","13.86","5.41","25170","209","7.5","74.3"
"Alor","NUSA TENGGARA TIMUR","63.82","19.87","2.27","17723","77","8.61","70.88"
"Lembata","NUSA TENGGARA TIMUR","66.62","24.22","2.18","15975","113","8.27","73.35"
"Flores Timur","NUSA TENGGARA TIMUR","66.29","11.25","3.58","22048","167","8.06","73.91"
"Sikka","NUSA TENGGARA TIMUR","67.41","11.89","2.33","19873","204","6.99","74.24"
"Ende","NUSA TENGGARA TIMUR","69.11","22.57","2.05","28061","135","8.29","72.87"
"Ngada","NUSA TENGGARA TIMUR","69.52","11.87","2.68","25689","100","8.83","74.43"
"Manggarai","NUSA TENGGARA TIMUR","67.28","19.01","1.17","17709","249","7.91","72.44"
"Rote Ndao","NUSA TENGGARA TIMUR","64.59","25.78","2.42","25603","119","7.83","69.81"
"Manggarai Barat","NUSA TENGGARA TIMUR","66.65","16.74","3.47","16663","88","8.21","72.86"
"Sumba Tengah","NUSA TENGGARA TIMUR","64.31","30.84","1.89","16536","52","7.23","69.46"
"Sumba Barat Daya","NUSA TENGGARA TIMUR","64.27","27.2","2.64","14890","238","6.39","69.2"
"Nagekeo","NUSA TENGGARA TIMUR","67.72","12.3","2.17","17038","121","8.23","72.51"
"Manggarai Timur","NUSA TENGGARA TIMUR","64.2","24.9","0.51","14367","124","7.96","72.98"
"Sabu Raijua","NUSA TENGGARA TIMUR","59.58","28.13","3.99","18699","206","6.99","66.65"
"Malaka","NUSA TENGGARA TIMUR","62.73","13.92","1.58","19482","174","7.14","71.47"
"Kota Kupang","NUSA TENGGARA TIMUR","81.08","8.24","8.6","65003","2980","11.64","74.95"
"Sambas","KALIMANTAN BARAT","69.31","6.53","4.99","43614","110","6.76","74.32"
"Bengkayang","KALIMANTAN BARAT","70.3","6","2.81","40333","55","7.41","74.42"
"Landak","KALIMANTAN BARAT","69.08","8.98","2.22","35713","50","7.46","74.13"
"Mempawah","KALIMANTAN BARAT","68.56","4.83","6.78","39506","164","7.21","74.34"
"Sanggau","KALIMANTAN BARAT","68.43","4.67","3.71","51965","41","7.47","74.15"
"Ketapang","KALIMANTAN BARAT","69.42","8.5","6.36","65207","20","7.68","73.72"
"Sintang","KALIMANTAN BARAT","69.42","8.03","2.85","46169","20","7.65","74.35"
"Kapuas Hulu","KALIMANTAN BARAT","68.58","7.4","2.18","53963","8","8.03","73.49"
"Sekadau","KALIMANTAN BARAT","67.25","5.66","2.24","42389","37","7.23","74.12"
"Melawi","KALIMANTAN BARAT","68.66","10.62","2.41","29739","24","7.66","73.82"
"Kayong Utara","KALIMANTAN BARAT","65.74","8.84","3.02","43166","33","6.54","72.54"
"Kubu Raya","KALIMANTAN BARAT","70.25","4.08","6.73","64206","76","7.05","73.42"
"Kota Pontianak","KALIMANTAN BARAT","81.57","4.2","8.29","75420","5760","10.47","75.46"
"Kota Singkawang","KALIMANTAN BARAT","73.87","4.53","7.92","56062","454","8.22","74.75"
"Kotawaringin Barat","KALIMANTAN TENGAH","74.44","4.11","4.39","110324","30","8.77","73.29"
"Kotawaringin Timur","KALIMANTAN TENGAH","72.66","5.66","4.56","84747","29","8.18","74.38"
"Kapuas","KALIMANTAN TENGAH","71.32","5.25","3.51","58512","25","7.93","72.86"
"Barito Selatan","KALIMANTAN TENGAH","72.36","4.83","4.3","65217","22","9.22","72.79"
"Barito Utara","KALIMANTAN TENGAH","72.31","5.67","4.54","86347","16","8.92","73.65"
"Sukamara","KALIMANTAN TENGAH","69.85","4.14","4.47","95798","21","8.18","74.37"
"Lamandau","KALIMANTAN TENGAH","72.25","3.25","3.07","79697","14","8.82","73.59"
"Seruyan","KALIMANTAN TENGAH","69.05","7.08","3.44","72204","11","8.01","73.29"
"Katingan","KALIMANTAN TENGAH","70.7","5.26","4.59","67913","8","8.95","74.14"
"Pulang Pisau","KALIMANTAN TENGAH","70.27","4.56","2.23","54850","14","8.42","73.24"
"Gunung Mas","KALIMANTAN TENGAH","72.73","5.68","3.31","67075","16","9.37","73.58"
"Barito Timur","KALIMANTAN TENGAH","73.26","6.66","3.15","91576","37","9.54","72.21"
"Murung Raya","KALIMANTAN TENGAH","70.03","6.58","2.52","99914","5","7.94","73.44"
"Kota Palangka Raya","KALIMANTAN TENGAH","82.2","3.52","5.23","84614","109","11.66","74.49"
"Tanah Laut","KALIMANTAN SELATAN","71.43","3.74","3.43","58233","95","7.94","74.64"
"Kota Baru","KALIMANTAN SELATAN","70.61","4.45","6.05","108005","36","7.71","73.88"
"Banjar","KALIMANTAN SELATAN","71.87","2.36","2.71","40027","131","7.95","73.55"
"Barito Kuala","KALIMANTAN SELATAN","68.84","4.36","3.41","34290","136","7.92","72.52"
"Tapin","KALIMANTAN SELATAN","72.51","3.33","3.86","72420","92","8.15","74.72"
"Hulu Sungai Selatan","KALIMANTAN SELATAN","71.21","3.38","2.11","41450","141","8.09","72.82"
"Hulu Sungai Tengah","KALIMANTAN SELATAN","70.69","5.81","3.2","34849","183","8.35","72.6"
"Hulu Sungai Utara","KALIMANTAN SELATAN","68.28","5.75","3.73","27910","252","7.78","72.49"
"Tabalong","KALIMANTAN SELATAN","74.41","5.64","3.44","122313","77","9.15","74.76"
"Tanah Bumbu","KALIMANTAN SELATAN","72.95","3.41","6.37","104302","70","8.43","74.44"
"Balangan","KALIMANTAN SELATAN","71.34","4.87","2.69","157579","76","8.13","73.87"
"Kota Banjarmasin","KALIMANTAN SELATAN","79.05","4.58","6.56","68285","6798","10.35","75.07"
"Kota Banjar Baru","KALIMANTAN SELATAN","80.51","3.79","4.93","53088","896","11","75.11"
"Paser","KALIMANTAN TIMUR","74.7","8.63","4.62","193171","27","8.92","74.1"
"Kutai Barat","KALIMANTAN TIMUR","74.5","9.56","5.21","222048","13","8.89","73.93"
"Kutai Kartanegara","KALIMANTAN TIMUR","75.91","7.28","4.4","259188","29","9.27","74.33"
"Kutai Timur","KALIMANTAN TIMUR","75.53","8.81","6.2","344492","15","9.47","74.55"
"Berau","KALIMANTAN TIMUR","76.66","5.08","4.4","194080","12","9.57","73.66"
"Penajam Paser Utara","KALIMANTAN TIMUR","73.9","6.69","4.26","87148","84","8.57","74.27"
"Mahakam Ulu","KALIMANTAN TIMUR","70.35","10.75","2.84","110202","2","8.5","73.64"
"Kota Balikpapan","KALIMANTAN TIMUR","82.24","2.23","5.84","214111","1407","10.99","75.87"
"Kota Samarinda","KALIMANTAN TIMUR","82.81","4.3","5.31","114693","1197","10.95","75.51"
"Kota Bontang","KALIMANTAN TIMUR","82.42","3.74","6.36","363369","1171","10.97","75.03"
"Malinau","KALIMANTAN UTARA","73.9","6.94","3.42","209057","2","9.63","73.27"
"Bulungan","KALIMANTAN UTARA","73.34","8.76","4.14","160813","12","9.23","73.87"
"Tana Tidung","KALIMANTAN UTARA","70.08","4.47","3.68","335175","6","9.24","73.51"
"Nunukan","KALIMANTAN UTARA","68.52","5.73","2.61","192001","15","8.39","73.13"
"Kota Tarakan","KALIMANTAN UTARA","77.96","5.56","5.06","221044","1011","10.37","74.27"
"Bolaang Mongondow","SULAWESI UTARA","70.29","7.74","4.97","44737","79","8.38","72.16"
"Minahasa","SULAWESI UTARA","77.74","6.53","7.74","68017","313","10.23","75.22"
"Kepulauan Sangihe","SULAWESI UTARA","72.71","10.84","2.64","43187","239","8.65","74.7"
"Kepulauan Talaud","SULAWESI UTARA","71.77","8.17","3.4","31516","97","9.96","73.51"
"Minahasa Selatan","SULAWESI UTARA","74.17","8.97","4.77","52242","166","9.43","74.35"
"Minahasa Utara","SULAWESI UTARA","75.89","6.95","6.8","87299","235","10.35","74.7"
"Bolaang Mongondow Utara","SULAWESI UTARA","69.32","7.88","4.07","40645","53","8.61","73.63"
"Siau Tagulandang Biaro","SULAWESI UTARA","70.31","8.32","2.41","45866","340","9.43","74.67"
"Minahasa Tenggara","SULAWESI UTARA","72.66","11.72","3.38","61067","160","9.14","73.36"
"Bolaang Mongondow Selatan","SULAWESI UTARA","67.14","11.33","2.91","40801","41","8.28","70.94"
"Bolaang Mongondow Timur","SULAWESI UTARA","68.53","5.87","5.28","45221","107","8.29","73.45"
"Kota Manado","SULAWESI UTARA","80.63","5.43","8.51","115143","2836","11.46","75.24"
"Kota Bitung","SULAWESI UTARA","75.71","6.27","7.35","105343","713","9.96","74.43"
"Kota Tomohon","SULAWESI UTARA","78.89","5.38","7.8","56563","615","11.03","75.57"
"Kota Kotamobagu","SULAWESI UTARA","75.27","5.12","5.97","40400","1185","10.35","74.97"
"Banggai Kepulauan","SULAWESI TENGAH","67.43","12.32","1.55","43165","52","8.7","67.54"
"Banggai","SULAWESI TENGAH","72.32","6.56","3.11","107883","46","8.81","72.26"
"Morowali","SULAWESI TENGAH","73.54","11.55","2.84","1003150","39","9.38","71.09"
"Poso","SULAWESI TENGAH","72.87","14.23","1.77","50139","34","9.54","73.02"
"Donggala","SULAWESI TENGAH","67.45","15.3","2.79","53143","61","8","70.74"
"Toli-Toli","SULAWESI TENGAH","68.37","12.45","3.11","47349","63","8.91","71.31"
"Buol","SULAWESI TENGAH","70.28","13.08","3.13","51137","41","9.2","71.3"
"Parigi Moutong","SULAWESI TENGAH","67.49","14.2","2.1","51059","79","8.05","68.72"
"Tojo Una-Una","SULAWESI TENGAH","66.97","16.36","2.47","43054","31","8.56","71.05"
"Sigi","SULAWESI TENGAH","70.51","12.06","2.55","46534","52","9.04","71.33"
"Banggai Laut","SULAWESI TENGAH","67.43","13.78","3.6","43549","108","8.65","71.04"
"Morowali Utara","SULAWESI TENGAH","70.58","11.95","2.38","236449","15","9.13","72.35"
"Kota Palu","SULAWESI TENGAH","82.88","5.94","5.63","83868","1101","11.75","73.91"
"Kepulauan Selayar","SULAWESI SELATAN","70.03","10.79","2.48","58447","123","8.49","73.48"
"Bulukumba","SULAWESI SELATAN","71.97","6.71","2.23","44477","387","8.52","74.18"
"Bantaeng","SULAWESI SELATAN","71.48","8.26","2.57","65483","525","7.26","72.85"
"Jeneponto","SULAWESI SELATAN","66.38","11.82","2.47","31168","526","7.01","74"
"Takalar","SULAWESI SELATAN","69.47","7.75","3.84","42358","571","7.73","73.69"
"Gowa","SULAWESI SELATAN","72.26","6.85","3.91","37773","449","8.53","74.19"
"Sinjai","SULAWESI SELATAN","69.52","7.82","1.52","59071","313","7.82","73.04"
"Maros","SULAWESI SELATAN","72.11","9.32","4.34","69210","287","8.05","73.77"
"Pangkajene dan Kepulauan","SULAWESI SELATAN","71.22","12.41","3.90","96355","404","8.47","73.11"
"Barru","SULAWESI SELATAN","73.06","8.31","6.42","52275","157","8.8","72.75"
"Bone","SULAWESI SELATAN","68.36","9.58","2.28","60261","182","7.55","73.46"
"Soppeng","SULAWESI SELATAN","71.39","6.9","3.33","67261","173","8.45","73.77"
"Wajo","SULAWESI SELATAN","71.52","6.47","2.31","66711","149","7.46","73.47"
"Sidenreng Rappang","SULAWESI SELATAN","73.21","5.02","3.36","59305","181","8.21","74.45"
"Pinrang","SULAWESI SELATAN","73.55","8.55","3.12","62766","224","8.53","74.63"
"Enrekang","SULAWESI SELATAN","74.61","11.25","1.51","44006","132","9.11","74.07"
"Luwu","SULAWESI SELATAN","72.79","11.7","4.14","59728","132","8.81","73.52"
"Tana Toraja","SULAWESI SELATAN","71.67","10.79","3.98","34739","143","8.77","74.85"
"Luwu Utara","SULAWESI SELATAN","72.07","11.24","2.39","58310","45","8.37","73.87"
"Luwu Timur","SULAWESI SELATAN","74.95","6.55","4.58","97202","46","8.94","74.55"
"Toraja Utara","SULAWESI SELATAN","71.85","10.73","2.44","47726","215","8.54","75.03"
"Kota Makassar","SULAWESI SELATAN","83.9","4.97","9.60","165959","8282","11.59","75.33"
"Kota Parepare","SULAWESI SELATAN","79.64","5.27","4.98","61969","1795","10.88","74.63"
"Kota Palopo","SULAWESI SELATAN","79.94","7.35","7.53","56647","716","11.16","74.19"
"Buton","SULAWESI TENGGARA","68.88","13.99","2.95","43410","73","8.63","70.47"
"Muna","SULAWESI TENGGARA","71.05","13.78","3.78","41623","123","8.71","71.64"
"Konawe","SULAWESI TENGGARA","73.39","13.25","2.95","75702","51","9.69","72.85"
"Kolaka","SULAWESI TENGGARA","75.18","11.67","2.59","153413","84","9.38","73.68"
"Konawe Selatan","SULAWESI TENGGARA","71.19","11.2","2.76","53949","78","8.76","71.8"
"Bombana","SULAWESI TENGGARA","68.15","10.54","1.43","56988","49","8.1","71.03"
"Wakatobi","SULAWESI TENGGARA","72.02","14.36","3.02","51916","263","8.53","70.88"
"Kolaka Utara","SULAWESI TENGGARA","71.7","13.51","1.64","82701","51","8.82","70.67"
"Buton Utara","SULAWESI TENGGARA","70.6","14.09","2.13","61238","40","9.24","71.4"
"Konawe Utara","SULAWESI TENGGARA","72.32","13.17","2.4","77302","18","9.61","70.6"
"Kolaka Timur","SULAWESI TENGGARA","70.27","13.71","2.15","48117","32","8.43","73.23"
"Konawe Kepulauan","SULAWESI TENGGARA","67.99","15.54","1.51","49696","56","9.46","70.29"
"Muna Barat","SULAWESI TENGGARA","68.06","13.38","2.06","38933","111","8.09","71.23"
"Buton Tengah","SULAWESI TENGGARA","66.47","14.4","2.84","26136","145","7.35","70.47"
"Buton Selatan","SULAWESI TENGGARA","67","14.28","3.48","37815","195","7.75","70.22"
"Kota Kendari","SULAWESI TENGGARA","85.33","4.23","5.67","80970","1395","12.55","75.47"
"Kota Baubau","SULAWESI TENGGARA","78.13","7.4","3.99","72416","573","11.03","74.67"
"Boalemo","GORONTALO","68.74","17.83","3.09","45564","84","7.31","71.43"
"Gorontalo","GORONTALO","69.66","16.43","3.42","41742","102","7.95","70.99"
"Pohuwato","GORONTALO","68.02","17.11","2.83","55804","35","7.78","69.63"
"Bone Bolango","GORONTALO","72.38","14.8","4.02","35453","90","8.52","70.4"
"Gorontalo Utara","GORONTALO","67.46","16.86","3.05","33248","78","7.4","69.88"
"Kota Gorontalo","GORONTALO","79.18","5.74","4.25","54117","2930","10.41","73.55"
"Majene","SULAWESI BARAT","69.42","13.64","4.19","35320","204","9.46","70.39"
"Polewali Mandar","SULAWESI BARAT","66.22","15.66","3.1","35453","242","7.72","71.08"
"Mamasa","SULAWESI BARAT","68.37","14.2","2.5","21884","57","8.13","72.27"
"Mamuju","SULAWESI BARAT","70.4","7.15","2.77","53961","60","8.35","72.13"
"Pasangkayu","SULAWESI BARAT","69.73","5.21","1.20","76843","70","8.14","70.41"
"Mamuju Tengah","SULAWESI BARAT","68.36","7.72","1.7","31422","53","7.94","70.05"
"Kepulauan Tanimbar","MALUKU","64.83","23.66","4.24","27728","29","9.93","70.20"
"Maluku Tenggara","MALUKU","68.24","21.22","5.68","34920","124","9.84","70.93"
"Maluku Tengah","MALUKU","73.21","17.67","6.5","25983","53","9.79","71.01"
"Buru","MALUKU","71.01","16.08","4.66","22256","29","9.02","70.34"
"Kepulauan Aru","MALUKU","65.83","23.39","1.83","43620","13","9.21","70.4"
"Seram Bagian Barat","MALUKU","68.39","22.31","4.52","18037","45","9.59","71.18"
"Seram Bagian Timur","MALUKU","66.24","21.03","3.24","25034","26","9","68.73"
"Maluku Barat Daya","MALUKU","64.86","27.95","2.36","36666","19","9.13","69.65"
"Buru Selatan","MALUKU","67.09","14.91","1.35","23340","22","8.48","70.28"
"Kota Ambon","MALUKU","82.56","5.13","11.14","54699","1532","12.24","73.14"
"Kota Tual","MALUKU","70.21","20.01","8.68","36846","394","10.67","71.72"
"Halmahera Barat","MALUKU UTARA","67.53","8.75","3.53","21359","62","8.59","70.72"
"Halmahera Tengah","MALUKU UTARA","68.45","10.71","3.43","532124","27","9.2","70.48"
"Kepulauan Sula","MALUKU UTARA","65.99","7.96","2.57","30966","33","9.17","68.8"
"Halmahera Selatan","MALUKU UTARA","66.66","5.63","2","83147","33","8.42","70.54"
"Halmahera Utara","MALUKU UTARA","69.78","4.71","6.2","34521","61","8.67","71.95"
"Halmahera Timur","MALUKU UTARA","69.58","11.91","4.32","55568","15","8.88","71.7"
"Pulau Morotai","MALUKU UTARA","65.68","5.11","4.21","25434","34","7.73","71.16"
"Pulau Taliabu","MALUKU UTARA","62.9","7.13","2.86","34281","21","7.99","67.25"
"Kota Ternate","MALUKU UTARA","82.12","3.14","6.42","70890","1322","12.08","72.87"
"Kota Tidore Kepulauan","MALUKU UTARA","72.91","6.56","3.49","32017","71","10.12","72.52"
"Fakfak","PAPUA BARAT","70.39","20.86","6.75","69984","9","9.32","71.57"
"Kaimana","PAPUA BARAT","67.6","14.41","3.34","46446","4","8.97","69.2"
"Teluk Wondama","PAPUA BARAT","62.36","28.47","2.86","40739","9","7.38","65.5"
"Teluk Bintuni","PAPUA BARAT","66.75","26.99","3.58","574984","5","8.67","68.05"
"Manokwari","PAPUA BARAT","73.83","18.45","5.41","55260","74","8.67","72.51"
"Manokwari Selatan","PAPUA BARAT","62.45","26.83","1.06","26227","21","7.17","68.26"
"Pegunungan Arfak","PAPUA BARAT","58.73","31.76","0.12","8662","13","5.72","67.79"
"Maybrat","PAPUA BARAT DAYA","61.83","29.18","6.03","5489","5","7.44","65.97"
"Raja Ampat","PAPUA BARAT DAYA","65.86","15.83","7.12","8761","15","8.4","67.12"
"Sorong","PAPUA BARAT DAYA","68.29","25.71","6.16","8283","16","8.74","70.08"
"Sorong Selatan","PAPUA BARAT DAYA","64.5","17.83","6.54","6928","14","7.76","67.23"
"Tambrauw","PAPUA BARAT DAYA","56.32","29.88","6.42","5824","3","5.89","65.89"
"Kota Sorong","PAPUA BARAT DAYA","79.93","13.67","6.99","14368","17","11.57","73.19"
"Jayapura","PAPUA","74.11","11.6","8.66","117896","12","10.57","70.48"
"Kepulauan Yapen","PAPUA","69.65","25.69","6.58","44479","49","9.71","70.85"
"Biak Numfor","PAPUA","73.98","23.46","6.74","46470","63","10.55","70.92"
"Sarmi","PAPUA","66.72","14.05","4.37","88756","3","9.61","69.91"
"Keerom","PAPUA","68.68","15.84","3.87","56367","7","8.58","69.95"
"Waropen","PAPUA","66.92","29.85","5.98","68452","3","9.42","69.72"
"Supiori","PAPUA","65.15","37.72","7.32","50794","37","9.21","69.62"
"Mamberamo Raya","PAPUA","55","30.29","-","58533","1","6.49","68.95"
"Kota Jayapura","PAPUA","81.67","10.72","7.68","94848","503","12.07","71.99"
"Asmat","PAPUA SELATAN","53.92","24.5","2.05","15398","4.83","5.82","68.05"
"Boven Digoel","PAPUA SELATAN","64.26","19.24","3.26","49791","2.98","9.42","69.17"
"Mappi","PAPUA SELATAN","61.51","25.7","4.10","18148","4.82","7.16","66.34"
"Merauke","PAPUA SELATAN","72.73","10.19","5.07","49753","5.37","9.37","71.41"
"Deiyai","PAPUA TENGAH","52.07","39.01","1.66","914","38.07","3.29","66.66"
"Dogiyai","PAPUA TENGAH","57.68","30.03","3.27","952","33.55","4.98","66.59"
"Intan Jaya","PAPUA TENGAH","50.71","41.42","2.40","820","27.35","3.28","66.74"
"Mimika","PAPUA TENGAH","76.85","14.18","6.70","90791","18.12","10.72","73.06"
"Nabire","PAPUA TENGAH","71.77","24","4.10","8444","14.99","10.42","70.06"
"Paniai","PAPUA TENGAH","58.69","37.07","1.92","3348","45.29","4.81","69.64"
"Puncak","PAPUA TENGAH","45.6","37.49","2.65","897","16.15","2.39","66.82"
"Puncak Jaya","PAPUA TENGAH","51.78","35.94","0.43","1060","39.66","4.42","67.91"
"Jayawijaya","PAPUA PEGUNUNGAN","61.03","32.28","1.35","40727","106.92","5.99","69.98"
"Lanny Jaya","PAPUA PEGUNUNGAN","51.59","34.12","1.4","11955","89.13","3.83","67.29"
"Mamberamo Tengah","PAPUA PEGUNUNGAN","50.72","35.27","1.22","28976","13.08","3.7","68.99"
"Nduga","PAPUA PEGUNUNGAN","36.3","36.28","1.29","14377","19.25","1.92","63.9"
"Pegunungan Bintang","PAPUA PEGUNUNGAN","49.36","28.95","1.35","30334","6.06","3.51","66.1"
"Tolikara","PAPUA PEGUNUNGAN","52.05","31.22","1.21","8830","82.40","3.69","67.22"
"Yalimo","PAPUA PEGUNUNGAN","51.85","30.02","1.31","15773","34.41","3.55","66.12"
"Yahukimo","PAPUA PEGUNUNGAN","51.98","33.82","1.42","8478","22.75","4.35","66.51"